path,label,group,clip,split
C:\VU\4th_Year\Independence Term 1\GenerativeAI\MIDTERM\Midterm_GenAI\data\UCF-101\ApplyEyeMakeup\v_ApplyEyeMakeup_g01_c01.avi,ApplyEyeMakeup,1,1,gallery
C:\VU\4th_Year\Independence Term 1\GenerativeAI\MIDTERM\Midterm_GenAI\data\UCF-101\ApplyEyeMakeup\v_ApplyEyeMakeup_g01_c02.avi,ApplyEyeMakeup,1,2,gallery
C:\VU\4th_Year\Independence Term 1\GenerativeAI\MIDTERM\Midterm_GenAI\data\UCF-101\ApplyEyeMakeup\v_ApplyEyeMakeup_g01_c03.avi,ApplyEyeMakeup,1,3,gallery
C:\VU\4th_Year\Independence Term 1\GenerativeAI\MIDTERM\Midterm_GenAI\data\UCF-101\ApplyEyeMakeup\v_ApplyEyeMakeup_g01_c04.avi,ApplyEyeMakeup,1,4,gallery
C:\VU\4th_Year\Independence Term 1\GenerativeAI\MIDTERM\Midterm_GenAI\data\UCF-101\ApplyEyeMakeup\v_ApplyEyeMakeup_g01_c05.avi,ApplyEyeMakeup,1,5,gallery
C:\VU\4th_Year\Independence Term 1\GenerativeAI\MIDTERM\Midterm_GenAI\data\UCF-101\ApplyEyeMakeup\v_ApplyEyeMakeup_g01_c06.avi,ApplyEyeMakeup,1,6,gallery
C:\VU\4th_Year\Independence Term 1\GenerativeAI\MIDTERM\Midterm_GenAI\data\UCF-101\ApplyEyeMakeup\v_ApplyEyeMakeup_g02_c01.avi,ApplyEyeMakeup,2,1,gallery
C:\VU\4th_Year\Independence Term 1\GenerativeAI\MIDTERM\Midterm_GenAI\data\UCF-101\ApplyEyeMakeup\v_ApplyEyeMakeup_g02_c02.avi,ApplyEyeMakeup,2,2,gallery
C:\VU\4th_Year\Independence Term 1\GenerativeAI\MIDTERM\Midterm_GenAI\data\UCF-101\ApplyEyeMakeup\v_ApplyEyeMakeup_g02_c03.avi,ApplyEyeMakeup,2,3,gallery
C:\VU\4th_Year\Independence Term 1\GenerativeAI\MIDTERM\Midterm_GenAI\data\UCF-101\ApplyEyeMakeup\v_ApplyEyeMakeup_g02_c04.avi,ApplyEyeMakeup,2,4,gallery
C:\VU\4th_Year\Independence Term 1\GenerativeAI\MIDTERM\Midterm_GenAI\data\UCF-101\ApplyEyeMakeup\v_ApplyEyeMakeup_g03_c01.avi,ApplyEyeMakeup,3,1,gallery
C:\VU\4th_Year\Independence Term 1\GenerativeAI\MIDTERM\Midterm_GenAI\data\UCF-101\ApplyEyeMakeup\v_ApplyEyeMakeup_g03_c02.avi,ApplyEyeMakeup,3,2,gallery
C:\VU\4th_Year\Independence Term 1\GenerativeAI\MIDTERM\Midterm_GenAI\data\UCF-101\ApplyEyeMakeup\v_ApplyEyeMakeup_g03_c03.avi,ApplyEyeMakeup,3,3,gallery
C:\VU\4th_Year\Independence Term 1\GenerativeAI\MIDTERM\Midterm_GenAI\data\UCF-101\ApplyEyeMakeup\v_ApplyEyeMakeup_g03_c04.avi,ApplyEyeMakeup,3,4,gallery
C:\VU\4th_Year\Independence Term 1\GenerativeAI\MIDTERM\Midterm_GenAI\data\UCF-101\ApplyEyeMakeup\v_ApplyEyeMakeup_g03_c05.avi,ApplyEyeMakeup,3,5,gallery
C:\VU\4th_Year\Independence Term 1\GenerativeAI\MIDTERM\Midterm_GenAI\data\UCF-101\ApplyEyeMakeup\v_ApplyEyeMakeup_g03_c06.avi,ApplyEyeMakeup,3,6,gallery
C:\VU\4th_Year\Independence Term 1\GenerativeAI\MIDTERM\Midterm_GenAI\data\UCF-101\ApplyEyeMakeup\v_ApplyEyeMakeup_g04_c01.avi,ApplyEyeMakeup,4,1,gallery
C:\VU\4th_Year\Independence Term 1\GenerativeAI\MIDTERM\Midterm_GenAI\data\UCF-101\ApplyEyeMakeup\v_ApplyEyeMakeup_g04_c02.avi,ApplyEyeMakeup,4,2,gallery
C:\VU\4th_Year\Independence Term 1\GenerativeAI\MIDTERM\Midterm_GenAI\data\UCF-101\ApplyEyeMakeup\v_ApplyEyeMakeup_g04_c03.avi,ApplyEyeMakeup,4,3,gallery
C:\VU\4th_Year\Independence Term 1\GenerativeAI\MIDTERM\Midterm_GenAI\data\UCF-101\ApplyEyeMakeup\v_ApplyEyeMakeup_g04_c04.avi,ApplyEyeMakeup,4,4,gallery
C:\VU\4th_Year\Independence Term 1\GenerativeAI\MIDTERM\Midterm_GenAI\data\UCF-101\ApplyEyeMakeup\v_ApplyEyeMakeup_g04_c05.avi,ApplyEyeMakeup,4,5,gallery
C:\VU\4th_Year\Independence Term 1\GenerativeAI\MIDTERM\Midterm_GenAI\data\UCF-101\ApplyEyeMakeup\v_ApplyEyeMakeup_g04_c06.avi,ApplyEyeMakeup,4,6,gallery
C:\VU\4th_Year\Independence Term 1\GenerativeAI\MIDTERM\Midterm_GenAI\data\UCF-101\ApplyEyeMakeup\v_ApplyEyeMakeup_g04_c07.avi,ApplyEyeMakeup,4,7,gallery
C:\VU\4th_Year\Independence Term 1\GenerativeAI\MIDTERM\Midterm_GenAI\data\UCF-101\ApplyEyeMakeup\v_ApplyEyeMakeup_g05_c01.avi,ApplyEyeMakeup,5,1,query
C:\VU\4th_Year\Independence Term 1\GenerativeAI\MIDTERM\Midterm_GenAI\data\UCF-101\ApplyEyeMakeup\v_ApplyEyeMakeup_g05_c02.avi,ApplyEyeMakeup,5,2,query
C:\VU\4th_Year\Independence Term 1\GenerativeAI\MIDTERM\Midterm_GenAI\data\UCF-101\ApplyEyeMakeup\v_ApplyEyeMakeup_g05_c03.avi,ApplyEyeMakeup,5,3,query
C:\VU\4th_Year\Independence Term 1\GenerativeAI\MIDTERM\Midterm_GenAI\data\UCF-101\ApplyEyeMakeup\v_ApplyEyeMakeup_g05_c04.avi,ApplyEyeMakeup,5,4,query
C:\VU\4th_Year\Independence Term 1\GenerativeAI\MIDTERM\Midterm_GenAI\data\UCF-101\ApplyEyeMakeup\v_ApplyEyeMakeup_g05_c05.avi,ApplyEyeMakeup,5,5,query
C:\VU\4th_Year\Independence Term 1\GenerativeAI\MIDTERM\Midterm_GenAI\data\UCF-101\ApplyEyeMakeup\v_ApplyEyeMakeup_g05_c06.avi,ApplyEyeMakeup,5,6,query
C:\VU\4th_Year\Independence Term 1\GenerativeAI\MIDTERM\Midterm_GenAI\data\UCF-101\ApplyEyeMakeup\v_ApplyEyeMakeup_g05_c07.avi,ApplyEyeMakeup,5,7,query
C:\VU\4th_Year\Independence Term 1\GenerativeAI\MIDTERM\Midterm_GenAI\data\UCF-101\ApplyEyeMakeup\v_ApplyEyeMakeup_g06_c01.avi,ApplyEyeMakeup,6,1,query
C:\VU\4th_Year\Independence Term 1\GenerativeAI\MIDTERM\Midterm_GenAI\data\UCF-101\ApplyEyeMakeup\v_ApplyEyeMakeup_g06_c02.avi,ApplyEyeMakeup,6,2,query
C:\VU\4th_Year\Independence Term 1\GenerativeAI\MIDTERM\Midterm_GenAI\data\UCF-101\ApplyEyeMakeup\v_ApplyEyeMakeup_g06_c03.avi,ApplyEyeMakeup,6,3,query
C:\VU\4th_Year\Independence Term 1\GenerativeAI\MIDTERM\Midterm_GenAI\data\UCF-101\ApplyEyeMakeup\v_ApplyEyeMakeup_g06_c04.avi,ApplyEyeMakeup,6,4,query
C:\VU\4th_Year\Independence Term 1\GenerativeAI\MIDTERM\Midterm_GenAI\data\UCF-101\ApplyEyeMakeup\v_ApplyEyeMakeup_g06_c05.avi,ApplyEyeMakeup,6,5,query
C:\VU\4th_Year\Independence Term 1\GenerativeAI\MIDTERM\Midterm_GenAI\data\UCF-101\ApplyEyeMakeup\v_ApplyEyeMakeup_g06_c06.avi,ApplyEyeMakeup,6,6,query
C:\VU\4th_Year\Independence Term 1\GenerativeAI\MIDTERM\Midterm_GenAI\data\UCF-101\ApplyEyeMakeup\v_ApplyEyeMakeup_g06_c07.avi,ApplyEyeMakeup,6,7,query
C:\VU\4th_Year\Independence Term 1\GenerativeAI\MIDTERM\Midterm_GenAI\data\UCF-101\ApplyEyeMakeup\v_ApplyEyeMakeup_g07_c01.avi,ApplyEyeMakeup,7,1,gallery
C:\VU\4th_Year\Independence Term 1\GenerativeAI\MIDTERM\Midterm_GenAI\data\UCF-101\ApplyEyeMakeup\v_ApplyEyeMakeup_g07_c02.avi,ApplyEyeMakeup,7,2,gallery
C:\VU\4th_Year\Independence Term 1\GenerativeAI\MIDTERM\Midterm_GenAI\data\UCF-101\ApplyEyeMakeup\v_ApplyEyeMakeup_g07_c03.avi,ApplyEyeMakeup,7,3,gallery
C:\VU\4th_Year\Independence Term 1\GenerativeAI\MIDTERM\Midterm_GenAI\data\UCF-101\ApplyLipstick\v_ApplyLipstick_g01_c01.avi,ApplyLipstick,1,1,gallery
C:\VU\4th_Year\Independence Term 1\GenerativeAI\MIDTERM\Midterm_GenAI\data\UCF-101\ApplyLipstick\v_ApplyLipstick_g01_c02.avi,ApplyLipstick,1,2,gallery
C:\VU\4th_Year\Independence Term 1\GenerativeAI\MIDTERM\Midterm_GenAI\data\UCF-101\ApplyLipstick\v_ApplyLipstick_g01_c03.avi,ApplyLipstick,1,3,gallery
C:\VU\4th_Year\Independence Term 1\GenerativeAI\MIDTERM\Midterm_GenAI\data\UCF-101\ApplyLipstick\v_ApplyLipstick_g01_c04.avi,ApplyLipstick,1,4,gallery
C:\VU\4th_Year\Independence Term 1\GenerativeAI\MIDTERM\Midterm_GenAI\data\UCF-101\ApplyLipstick\v_ApplyLipstick_g01_c05.avi,ApplyLipstick,1,5,gallery
C:\VU\4th_Year\Independence Term 1\GenerativeAI\MIDTERM\Midterm_GenAI\data\UCF-101\ApplyLipstick\v_ApplyLipstick_g02_c01.avi,ApplyLipstick,2,1,gallery
C:\VU\4th_Year\Independence Term 1\GenerativeAI\MIDTERM\Midterm_GenAI\data\UCF-101\ApplyLipstick\v_ApplyLipstick_g02_c02.avi,ApplyLipstick,2,2,gallery
C:\VU\4th_Year\Independence Term 1\GenerativeAI\MIDTERM\Midterm_GenAI\data\UCF-101\ApplyLipstick\v_ApplyLipstick_g02_c03.avi,ApplyLipstick,2,3,gallery
C:\VU\4th_Year\Independence Term 1\GenerativeAI\MIDTERM\Midterm_GenAI\data\UCF-101\ApplyLipstick\v_ApplyLipstick_g02_c04.avi,ApplyLipstick,2,4,gallery
C:\VU\4th_Year\Independence Term 1\GenerativeAI\MIDTERM\Midterm_GenAI\data\UCF-101\ApplyLipstick\v_ApplyLipstick_g03_c01.avi,ApplyLipstick,3,1,query
C:\VU\4th_Year\Independence Term 1\GenerativeAI\MIDTERM\Midterm_GenAI\data\UCF-101\ApplyLipstick\v_ApplyLipstick_g03_c02.avi,ApplyLipstick,3,2,query
C:\VU\4th_Year\Independence Term 1\GenerativeAI\MIDTERM\Midterm_GenAI\data\UCF-101\ApplyLipstick\v_ApplyLipstick_g03_c03.avi,ApplyLipstick,3,3,query
C:\VU\4th_Year\Independence Term 1\GenerativeAI\MIDTERM\Midterm_GenAI\data\UCF-101\ApplyLipstick\v_ApplyLipstick_g03_c04.avi,ApplyLipstick,3,4,query
C:\VU\4th_Year\Independence Term 1\GenerativeAI\MIDTERM\Midterm_GenAI\data\UCF-101\ApplyLipstick\v_ApplyLipstick_g04_c01.avi,ApplyLipstick,4,1,gallery
C:\VU\4th_Year\Independence Term 1\GenerativeAI\MIDTERM\Midterm_GenAI\data\UCF-101\ApplyLipstick\v_ApplyLipstick_g04_c02.avi,ApplyLipstick,4,2,gallery
C:\VU\4th_Year\Independence Term 1\GenerativeAI\MIDTERM\Midterm_GenAI\data\UCF-101\ApplyLipstick\v_ApplyLipstick_g04_c03.avi,ApplyLipstick,4,3,gallery
C:\VU\4th_Year\Independence Term 1\GenerativeAI\MIDTERM\Midterm_GenAI\data\UCF-101\ApplyLipstick\v_ApplyLipstick_g04_c04.avi,ApplyLipstick,4,4,gallery
C:\VU\4th_Year\Independence Term 1\GenerativeAI\MIDTERM\Midterm_GenAI\data\UCF-101\ApplyLipstick\v_ApplyLipstick_g04_c05.avi,ApplyLipstick,4,5,gallery
C:\VU\4th_Year\Independence Term 1\GenerativeAI\MIDTERM\Midterm_GenAI\data\UCF-101\ApplyLipstick\v_ApplyLipstick_g05_c01.avi,ApplyLipstick,5,1,gallery
C:\VU\4th_Year\Independence Term 1\GenerativeAI\MIDTERM\Midterm_GenAI\data\UCF-101\ApplyLipstick\v_ApplyLipstick_g05_c02.avi,ApplyLipstick,5,2,gallery
C:\VU\4th_Year\Independence Term 1\GenerativeAI\MIDTERM\Midterm_GenAI\data\UCF-101\ApplyLipstick\v_ApplyLipstick_g05_c03.avi,ApplyLipstick,5,3,gallery
C:\VU\4th_Year\Independence Term 1\GenerativeAI\MIDTERM\Midterm_GenAI\data\UCF-101\ApplyLipstick\v_ApplyLipstick_g05_c04.avi,ApplyLipstick,5,4,gallery
C:\VU\4th_Year\Independence Term 1\GenerativeAI\MIDTERM\Midterm_GenAI\data\UCF-101\ApplyLipstick\v_ApplyLipstick_g05_c05.avi,ApplyLipstick,5,5,gallery
C:\VU\4th_Year\Independence Term 1\GenerativeAI\MIDTERM\Midterm_GenAI\data\UCF-101\ApplyLipstick\v_ApplyLipstick_g06_c01.avi,ApplyLipstick,6,1,gallery
C:\VU\4th_Year\Independence Term 1\GenerativeAI\MIDTERM\Midterm_GenAI\data\UCF-101\ApplyLipstick\v_ApplyLipstick_g06_c02.avi,ApplyLipstick,6,2,gallery
C:\VU\4th_Year\Independence Term 1\GenerativeAI\MIDTERM\Midterm_GenAI\data\UCF-101\ApplyLipstick\v_ApplyLipstick_g06_c03.avi,ApplyLipstick,6,3,gallery
C:\VU\4th_Year\Independence Term 1\GenerativeAI\MIDTERM\Midterm_GenAI\data\UCF-101\ApplyLipstick\v_ApplyLipstick_g06_c04.avi,ApplyLipstick,6,4,gallery
C:\VU\4th_Year\Independence Term 1\GenerativeAI\MIDTERM\Midterm_GenAI\data\UCF-101\ApplyLipstick\v_ApplyLipstick_g06_c05.avi,ApplyLipstick,6,5,gallery
C:\VU\4th_Year\Independence Term 1\GenerativeAI\MIDTERM\Midterm_GenAI\data\UCF-101\ApplyLipstick\v_ApplyLipstick_g07_c01.avi,ApplyLipstick,7,1,gallery
C:\VU\4th_Year\Independence Term 1\GenerativeAI\MIDTERM\Midterm_GenAI\data\UCF-101\ApplyLipstick\v_ApplyLipstick_g07_c02.avi,ApplyLipstick,7,2,gallery
C:\VU\4th_Year\Independence Term 1\GenerativeAI\MIDTERM\Midterm_GenAI\data\UCF-101\ApplyLipstick\v_ApplyLipstick_g07_c03.avi,ApplyLipstick,7,3,gallery
C:\VU\4th_Year\Independence Term 1\GenerativeAI\MIDTERM\Midterm_GenAI\data\UCF-101\ApplyLipstick\v_ApplyLipstick_g07_c04.avi,ApplyLipstick,7,4,gallery
C:\VU\4th_Year\Independence Term 1\GenerativeAI\MIDTERM\Midterm_GenAI\data\UCF-101\ApplyLipstick\v_ApplyLipstick_g08_c01.avi,ApplyLipstick,8,1,gallery
C:\VU\4th_Year\Independence Term 1\GenerativeAI\MIDTERM\Midterm_GenAI\data\UCF-101\ApplyLipstick\v_ApplyLipstick_g08_c02.avi,ApplyLipstick,8,2,gallery
C:\VU\4th_Year\Independence Term 1\GenerativeAI\MIDTERM\Midterm_GenAI\data\UCF-101\ApplyLipstick\v_ApplyLipstick_g08_c03.avi,ApplyLipstick,8,3,gallery
C:\VU\4th_Year\Independence Term 1\GenerativeAI\MIDTERM\Midterm_GenAI\data\UCF-101\ApplyLipstick\v_ApplyLipstick_g08_c04.avi,ApplyLipstick,8,4,gallery
C:\VU\4th_Year\Independence Term 1\GenerativeAI\MIDTERM\Midterm_GenAI\data\UCF-101\ApplyLipstick\v_ApplyLipstick_g09_c01.avi,ApplyLipstick,9,1,query
C:\VU\4th_Year\Independence Term 1\GenerativeAI\MIDTERM\Midterm_GenAI\data\UCF-101\ApplyLipstick\v_ApplyLipstick_g09_c02.avi,ApplyLipstick,9,2,query
C:\VU\4th_Year\Independence Term 1\GenerativeAI\MIDTERM\Midterm_GenAI\data\UCF-101\ApplyLipstick\v_ApplyLipstick_g09_c03.avi,ApplyLipstick,9,3,query
C:\VU\4th_Year\Independence Term 1\GenerativeAI\MIDTERM\Midterm_GenAI\data\UCF-101\ApplyLipstick\v_ApplyLipstick_g09_c04.avi,ApplyLipstick,9,4,query
C:\VU\4th_Year\Independence Term 1\GenerativeAI\MIDTERM\Midterm_GenAI\data\UCF-101\Archery\v_Archery_g01_c01.avi,Archery,1,1,query
C:\VU\4th_Year\Independence Term 1\GenerativeAI\MIDTERM\Midterm_GenAI\data\UCF-101\Archery\v_Archery_g01_c02.avi,Archery,1,2,query
C:\VU\4th_Year\Independence Term 1\GenerativeAI\MIDTERM\Midterm_GenAI\data\UCF-101\Archery\v_Archery_g01_c03.avi,Archery,1,3,query
C:\VU\4th_Year\Independence Term 1\GenerativeAI\MIDTERM\Midterm_GenAI\data\UCF-101\Archery\v_Archery_g01_c04.avi,Archery,1,4,query
C:\VU\4th_Year\Independence Term 1\GenerativeAI\MIDTERM\Midterm_GenAI\data\UCF-101\Archery\v_Archery_g01_c05.avi,Archery,1,5,query
C:\VU\4th_Year\Independence Term 1\GenerativeAI\MIDTERM\Midterm_GenAI\data\UCF-101\Archery\v_Archery_g01_c06.avi,Archery,1,6,query
C:\VU\4th_Year\Independence Term 1\GenerativeAI\MIDTERM\Midterm_GenAI\data\UCF-101\Archery\v_Archery_g01_c07.avi,Archery,1,7,query
C:\VU\4th_Year\Independence Term 1\GenerativeAI\MIDTERM\Midterm_GenAI\data\UCF-101\Archery\v_Archery_g02_c01.avi,Archery,2,1,gallery
C:\VU\4th_Year\Independence Term 1\GenerativeAI\MIDTERM\Midterm_GenAI\data\UCF-101\Archery\v_Archery_g02_c02.avi,Archery,2,2,gallery
C:\VU\4th_Year\Independence Term 1\GenerativeAI\MIDTERM\Midterm_GenAI\data\UCF-101\Archery\v_Archery_g02_c03.avi,Archery,2,3,gallery
C:\VU\4th_Year\Independence Term 1\GenerativeAI\MIDTERM\Midterm_GenAI\data\UCF-101\Archery\v_Archery_g02_c04.avi,Archery,2,4,gallery
C:\VU\4th_Year\Independence Term 1\GenerativeAI\MIDTERM\Midterm_GenAI\data\UCF-101\Archery\v_Archery_g02_c05.avi,Archery,2,5,gallery
C:\VU\4th_Year\Independence Term 1\GenerativeAI\MIDTERM\Midterm_GenAI\data\UCF-101\Archery\v_Archery_g02_c06.avi,Archery,2,6,gallery
C:\VU\4th_Year\Independence Term 1\GenerativeAI\MIDTERM\Midterm_GenAI\data\UCF-101\Archery\v_Archery_g02_c07.avi,Archery,2,7,gallery
C:\VU\4th_Year\Independence Term 1\GenerativeAI\MIDTERM\Midterm_GenAI\data\UCF-101\Archery\v_Archery_g03_c01.avi,Archery,3,1,gallery
C:\VU\4th_Year\Independence Term 1\GenerativeAI\MIDTERM\Midterm_GenAI\data\UCF-101\Archery\v_Archery_g03_c02.avi,Archery,3,2,gallery
C:\VU\4th_Year\Independence Term 1\GenerativeAI\MIDTERM\Midterm_GenAI\data\UCF-101\Archery\v_Archery_g03_c03.avi,Archery,3,3,gallery
C:\VU\4th_Year\Independence Term 1\GenerativeAI\MIDTERM\Midterm_GenAI\data\UCF-101\Archery\v_Archery_g03_c04.avi,Archery,3,4,gallery
C:\VU\4th_Year\Independence Term 1\GenerativeAI\MIDTERM\Midterm_GenAI\data\UCF-101\Archery\v_Archery_g03_c05.avi,Archery,3,5,gallery
C:\VU\4th_Year\Independence Term 1\GenerativeAI\MIDTERM\Midterm_GenAI\data\UCF-101\Archery\v_Archery_g04_c01.avi,Archery,4,1,gallery
C:\VU\4th_Year\Independence Term 1\GenerativeAI\MIDTERM\Midterm_GenAI\data\UCF-101\Archery\v_Archery_g04_c02.avi,Archery,4,2,gallery
C:\VU\4th_Year\Independence Term 1\GenerativeAI\MIDTERM\Midterm_GenAI\data\UCF-101\Archery\v_Archery_g04_c03.avi,Archery,4,3,gallery
C:\VU\4th_Year\Independence Term 1\GenerativeAI\MIDTERM\Midterm_GenAI\data\UCF-101\Archery\v_Archery_g04_c04.avi,Archery,4,4,gallery
C:\VU\4th_Year\Independence Term 1\GenerativeAI\MIDTERM\Midterm_GenAI\data\UCF-101\Archery\v_Archery_g04_c05.avi,Archery,4,5,gallery
C:\VU\4th_Year\Independence Term 1\GenerativeAI\MIDTERM\Midterm_GenAI\data\UCF-101\Archery\v_Archery_g05_c01.avi,Archery,5,1,gallery
C:\VU\4th_Year\Independence Term 1\GenerativeAI\MIDTERM\Midterm_GenAI\data\UCF-101\Archery\v_Archery_g05_c02.avi,Archery,5,2,gallery
C:\VU\4th_Year\Independence Term 1\GenerativeAI\MIDTERM\Midterm_GenAI\data\UCF-101\Archery\v_Archery_g05_c03.avi,Archery,5,3,gallery
C:\VU\4th_Year\Independence Term 1\GenerativeAI\MIDTERM\Midterm_GenAI\data\UCF-101\Archery\v_Archery_g05_c04.avi,Archery,5,4,gallery
C:\VU\4th_Year\Independence Term 1\GenerativeAI\MIDTERM\Midterm_GenAI\data\UCF-101\Archery\v_Archery_g05_c05.avi,Archery,5,5,gallery
C:\VU\4th_Year\Independence Term 1\GenerativeAI\MIDTERM\Midterm_GenAI\data\UCF-101\Archery\v_Archery_g06_c01.avi,Archery,6,1,gallery
C:\VU\4th_Year\Independence Term 1\GenerativeAI\MIDTERM\Midterm_GenAI\data\UCF-101\Archery\v_Archery_g06_c02.avi,Archery,6,2,gallery
C:\VU\4th_Year\Independence Term 1\GenerativeAI\MIDTERM\Midterm_GenAI\data\UCF-101\Archery\v_Archery_g06_c03.avi,Archery,6,3,gallery
C:\VU\4th_Year\Independence Term 1\GenerativeAI\MIDTERM\Midterm_GenAI\data\UCF-101\Archery\v_Archery_g06_c04.avi,Archery,6,4,gallery
C:\VU\4th_Year\Independence Term 1\GenerativeAI\MIDTERM\Midterm_GenAI\data\UCF-101\Archery\v_Archery_g06_c05.avi,Archery,6,5,gallery
C:\VU\4th_Year\Independence Term 1\GenerativeAI\MIDTERM\Midterm_GenAI\data\UCF-101\Archery\v_Archery_g06_c06.avi,Archery,6,6,gallery
C:\VU\4th_Year\Independence Term 1\GenerativeAI\MIDTERM\Midterm_GenAI\data\UCF-101\Archery\v_Archery_g07_c01.avi,Archery,7,1,query
C:\VU\4th_Year\Independence Term 1\GenerativeAI\MIDTERM\Midterm_GenAI\data\UCF-101\Archery\v_Archery_g07_c02.avi,Archery,7,2,query
C:\VU\4th_Year\Independence Term 1\GenerativeAI\MIDTERM\Midterm_GenAI\data\UCF-101\Archery\v_Archery_g07_c03.avi,Archery,7,3,query
C:\VU\4th_Year\Independence Term 1\GenerativeAI\MIDTERM\Midterm_GenAI\data\UCF-101\Archery\v_Archery_g07_c04.avi,Archery,7,4,query
C:\VU\4th_Year\Independence Term 1\GenerativeAI\MIDTERM\Midterm_GenAI\data\UCF-101\Archery\v_Archery_g07_c05.avi,Archery,7,5,query
C:\VU\4th_Year\Independence Term 1\GenerativeAI\MIDTERM\Midterm_GenAI\data\UCF-101\BabyCrawling\v_BabyCrawling_g01_c01.avi,BabyCrawling,1,1,gallery
C:\VU\4th_Year\Independence Term 1\GenerativeAI\MIDTERM\Midterm_GenAI\data\UCF-101\BabyCrawling\v_BabyCrawling_g01_c02.avi,BabyCrawling,1,2,gallery
C:\VU\4th_Year\Independence Term 1\GenerativeAI\MIDTERM\Midterm_GenAI\data\UCF-101\BabyCrawling\v_BabyCrawling_g01_c03.avi,BabyCrawling,1,3,gallery
C:\VU\4th_Year\Independence Term 1\GenerativeAI\MIDTERM\Midterm_GenAI\data\UCF-101\BabyCrawling\v_BabyCrawling_g01_c04.avi,BabyCrawling,1,4,gallery
C:\VU\4th_Year\Independence Term 1\GenerativeAI\MIDTERM\Midterm_GenAI\data\UCF-101\BabyCrawling\v_BabyCrawling_g02_c01.avi,BabyCrawling,2,1,gallery
C:\VU\4th_Year\Independence Term 1\GenerativeAI\MIDTERM\Midterm_GenAI\data\UCF-101\BabyCrawling\v_BabyCrawling_g02_c02.avi,BabyCrawling,2,2,gallery
C:\VU\4th_Year\Independence Term 1\GenerativeAI\MIDTERM\Midterm_GenAI\data\UCF-101\BabyCrawling\v_BabyCrawling_g02_c03.avi,BabyCrawling,2,3,gallery
C:\VU\4th_Year\Independence Term 1\GenerativeAI\MIDTERM\Midterm_GenAI\data\UCF-101\BabyCrawling\v_BabyCrawling_g02_c04.avi,BabyCrawling,2,4,gallery
C:\VU\4th_Year\Independence Term 1\GenerativeAI\MIDTERM\Midterm_GenAI\data\UCF-101\BabyCrawling\v_BabyCrawling_g02_c05.avi,BabyCrawling,2,5,gallery
C:\VU\4th_Year\Independence Term 1\GenerativeAI\MIDTERM\Midterm_GenAI\data\UCF-101\BabyCrawling\v_BabyCrawling_g02_c06.avi,BabyCrawling,2,6,gallery
C:\VU\4th_Year\Independence Term 1\GenerativeAI\MIDTERM\Midterm_GenAI\data\UCF-101\BabyCrawling\v_BabyCrawling_g03_c01.avi,BabyCrawling,3,1,gallery
C:\VU\4th_Year\Independence Term 1\GenerativeAI\MIDTERM\Midterm_GenAI\data\UCF-101\BabyCrawling\v_BabyCrawling_g03_c02.avi,BabyCrawling,3,2,gallery
C:\VU\4th_Year\Independence Term 1\GenerativeAI\MIDTERM\Midterm_GenAI\data\UCF-101\BabyCrawling\v_BabyCrawling_g03_c03.avi,BabyCrawling,3,3,gallery
C:\VU\4th_Year\Independence Term 1\GenerativeAI\MIDTERM\Midterm_GenAI\data\UCF-101\BabyCrawling\v_BabyCrawling_g03_c04.avi,BabyCrawling,3,4,gallery
C:\VU\4th_Year\Independence Term 1\GenerativeAI\MIDTERM\Midterm_GenAI\data\UCF-101\BabyCrawling\v_BabyCrawling_g04_c01.avi,BabyCrawling,4,1,gallery
C:\VU\4th_Year\Independence Term 1\GenerativeAI\MIDTERM\Midterm_GenAI\data\UCF-101\BabyCrawling\v_BabyCrawling_g04_c02.avi,BabyCrawling,4,2,gallery
C:\VU\4th_Year\Independence Term 1\GenerativeAI\MIDTERM\Midterm_GenAI\data\UCF-101\BabyCrawling\v_BabyCrawling_g04_c03.avi,BabyCrawling,4,3,gallery
C:\VU\4th_Year\Independence Term 1\GenerativeAI\MIDTERM\Midterm_GenAI\data\UCF-101\BabyCrawling\v_BabyCrawling_g04_c04.avi,BabyCrawling,4,4,gallery
C:\VU\4th_Year\Independence Term 1\GenerativeAI\MIDTERM\Midterm_GenAI\data\UCF-101\BabyCrawling\v_BabyCrawling_g05_c01.avi,BabyCrawling,5,1,gallery
C:\VU\4th_Year\Independence Term 1\GenerativeAI\MIDTERM\Midterm_GenAI\data\UCF-101\BabyCrawling\v_BabyCrawling_g05_c02.avi,BabyCrawling,5,2,gallery
C:\VU\4th_Year\Independence Term 1\GenerativeAI\MIDTERM\Midterm_GenAI\data\UCF-101\BabyCrawling\v_BabyCrawling_g05_c03.avi,BabyCrawling,5,3,gallery
C:\VU\4th_Year\Independence Term 1\GenerativeAI\MIDTERM\Midterm_GenAI\data\UCF-101\BabyCrawling\v_BabyCrawling_g05_c04.avi,BabyCrawling,5,4,gallery
C:\VU\4th_Year\Independence Term 1\GenerativeAI\MIDTERM\Midterm_GenAI\data\UCF-101\BabyCrawling\v_BabyCrawling_g05_c05.avi,BabyCrawling,5,5,gallery
C:\VU\4th_Year\Independence Term 1\GenerativeAI\MIDTERM\Midterm_GenAI\data\UCF-101\BabyCrawling\v_BabyCrawling_g06_c01.avi,BabyCrawling,6,1,query
C:\VU\4th_Year\Independence Term 1\GenerativeAI\MIDTERM\Midterm_GenAI\data\UCF-101\BabyCrawling\v_BabyCrawling_g06_c02.avi,BabyCrawling,6,2,query
C:\VU\4th_Year\Independence Term 1\GenerativeAI\MIDTERM\Midterm_GenAI\data\UCF-101\BabyCrawling\v_BabyCrawling_g06_c03.avi,BabyCrawling,6,3,query
C:\VU\4th_Year\Independence Term 1\GenerativeAI\MIDTERM\Midterm_GenAI\data\UCF-101\BabyCrawling\v_BabyCrawling_g06_c04.avi,BabyCrawling,6,4,query
C:\VU\4th_Year\Independence Term 1\GenerativeAI\MIDTERM\Midterm_GenAI\data\UCF-101\BabyCrawling\v_BabyCrawling_g06_c05.avi,BabyCrawling,6,5,query
C:\VU\4th_Year\Independence Term 1\GenerativeAI\MIDTERM\Midterm_GenAI\data\UCF-101\BabyCrawling\v_BabyCrawling_g06_c06.avi,BabyCrawling,6,6,query
C:\VU\4th_Year\Independence Term 1\GenerativeAI\MIDTERM\Midterm_GenAI\data\UCF-101\BabyCrawling\v_BabyCrawling_g07_c01.avi,BabyCrawling,7,1,query
C:\VU\4th_Year\Independence Term 1\GenerativeAI\MIDTERM\Midterm_GenAI\data\UCF-101\BabyCrawling\v_BabyCrawling_g07_c02.avi,BabyCrawling,7,2,query
C:\VU\4th_Year\Independence Term 1\GenerativeAI\MIDTERM\Midterm_GenAI\data\UCF-101\BabyCrawling\v_BabyCrawling_g07_c03.avi,BabyCrawling,7,3,query
C:\VU\4th_Year\Independence Term 1\GenerativeAI\MIDTERM\Midterm_GenAI\data\UCF-101\BabyCrawling\v_BabyCrawling_g07_c04.avi,BabyCrawling,7,4,query
C:\VU\4th_Year\Independence Term 1\GenerativeAI\MIDTERM\Midterm_GenAI\data\UCF-101\BabyCrawling\v_BabyCrawling_g07_c05.avi,BabyCrawling,7,5,query
C:\VU\4th_Year\Independence Term 1\GenerativeAI\MIDTERM\Midterm_GenAI\data\UCF-101\BabyCrawling\v_BabyCrawling_g07_c06.avi,BabyCrawling,7,6,query
C:\VU\4th_Year\Independence Term 1\GenerativeAI\MIDTERM\Midterm_GenAI\data\UCF-101\BabyCrawling\v_BabyCrawling_g08_c01.avi,BabyCrawling,8,1,gallery
C:\VU\4th_Year\Independence Term 1\GenerativeAI\MIDTERM\Midterm_GenAI\data\UCF-101\BabyCrawling\v_BabyCrawling_g08_c02.avi,BabyCrawling,8,2,gallery
C:\VU\4th_Year\Independence Term 1\GenerativeAI\MIDTERM\Midterm_GenAI\data\UCF-101\BabyCrawling\v_BabyCrawling_g08_c03.avi,BabyCrawling,8,3,gallery
C:\VU\4th_Year\Independence Term 1\GenerativeAI\MIDTERM\Midterm_GenAI\data\UCF-101\BabyCrawling\v_BabyCrawling_g08_c04.avi,BabyCrawling,8,4,gallery
C:\VU\4th_Year\Independence Term 1\GenerativeAI\MIDTERM\Midterm_GenAI\data\UCF-101\BabyCrawling\v_BabyCrawling_g09_c01.avi,BabyCrawling,9,1,gallery
C:\VU\4th_Year\Independence Term 1\GenerativeAI\MIDTERM\Midterm_GenAI\data\UCF-101\BalanceBeam\v_BalanceBeam_g01_c01.avi,BalanceBeam,1,1,gallery
C:\VU\4th_Year\Independence Term 1\GenerativeAI\MIDTERM\Midterm_GenAI\data\UCF-101\BalanceBeam\v_BalanceBeam_g01_c02.avi,BalanceBeam,1,2,gallery
C:\VU\4th_Year\Independence Term 1\GenerativeAI\MIDTERM\Midterm_GenAI\data\UCF-101\BalanceBeam\v_BalanceBeam_g01_c03.avi,BalanceBeam,1,3,gallery
C:\VU\4th_Year\Independence Term 1\GenerativeAI\MIDTERM\Midterm_GenAI\data\UCF-101\BalanceBeam\v_BalanceBeam_g01_c04.avi,BalanceBeam,1,4,gallery
C:\VU\4th_Year\Independence Term 1\GenerativeAI\MIDTERM\Midterm_GenAI\data\UCF-101\BalanceBeam\v_BalanceBeam_g02_c01.avi,BalanceBeam,2,1,gallery
C:\VU\4th_Year\Independence Term 1\GenerativeAI\MIDTERM\Midterm_GenAI\data\UCF-101\BalanceBeam\v_BalanceBeam_g02_c02.avi,BalanceBeam,2,2,gallery
C:\VU\4th_Year\Independence Term 1\GenerativeAI\MIDTERM\Midterm_GenAI\data\UCF-101\BalanceBeam\v_BalanceBeam_g02_c03.avi,BalanceBeam,2,3,gallery
C:\VU\4th_Year\Independence Term 1\GenerativeAI\MIDTERM\Midterm_GenAI\data\UCF-101\BalanceBeam\v_BalanceBeam_g02_c04.avi,BalanceBeam,2,4,gallery
C:\VU\4th_Year\Independence Term 1\GenerativeAI\MIDTERM\Midterm_GenAI\data\UCF-101\BalanceBeam\v_BalanceBeam_g03_c01.avi,BalanceBeam,3,1,gallery
C:\VU\4th_Year\Independence Term 1\GenerativeAI\MIDTERM\Midterm_GenAI\data\UCF-101\BalanceBeam\v_BalanceBeam_g03_c02.avi,BalanceBeam,3,2,gallery
C:\VU\4th_Year\Independence Term 1\GenerativeAI\MIDTERM\Midterm_GenAI\data\UCF-101\BalanceBeam\v_BalanceBeam_g03_c03.avi,BalanceBeam,3,3,gallery
C:\VU\4th_Year\Independence Term 1\GenerativeAI\MIDTERM\Midterm_GenAI\data\UCF-101\BalanceBeam\v_BalanceBeam_g03_c04.avi,BalanceBeam,3,4,gallery
C:\VU\4th_Year\Independence Term 1\GenerativeAI\MIDTERM\Midterm_GenAI\data\UCF-101\BalanceBeam\v_BalanceBeam_g04_c01.avi,BalanceBeam,4,1,gallery
C:\VU\4th_Year\Independence Term 1\GenerativeAI\MIDTERM\Midterm_GenAI\data\UCF-101\BalanceBeam\v_BalanceBeam_g04_c02.avi,BalanceBeam,4,2,gallery
C:\VU\4th_Year\Independence Term 1\GenerativeAI\MIDTERM\Midterm_GenAI\data\UCF-101\BalanceBeam\v_BalanceBeam_g04_c03.avi,BalanceBeam,4,3,gallery
C:\VU\4th_Year\Independence Term 1\GenerativeAI\MIDTERM\Midterm_GenAI\data\UCF-101\BalanceBeam\v_BalanceBeam_g04_c04.avi,BalanceBeam,4,4,gallery
C:\VU\4th_Year\Independence Term 1\GenerativeAI\MIDTERM\Midterm_GenAI\data\UCF-101\BalanceBeam\v_BalanceBeam_g05_c01.avi,BalanceBeam,5,1,query
C:\VU\4th_Year\Independence Term 1\GenerativeAI\MIDTERM\Midterm_GenAI\data\UCF-101\BalanceBeam\v_BalanceBeam_g05_c02.avi,BalanceBeam,5,2,query
C:\VU\4th_Year\Independence Term 1\GenerativeAI\MIDTERM\Midterm_GenAI\data\UCF-101\BalanceBeam\v_BalanceBeam_g05_c03.avi,BalanceBeam,5,3,query
C:\VU\4th_Year\Independence Term 1\GenerativeAI\MIDTERM\Midterm_GenAI\data\UCF-101\BalanceBeam\v_BalanceBeam_g05_c04.avi,BalanceBeam,5,4,query
C:\VU\4th_Year\Independence Term 1\GenerativeAI\MIDTERM\Midterm_GenAI\data\UCF-101\BalanceBeam\v_BalanceBeam_g06_c01.avi,BalanceBeam,6,1,gallery
C:\VU\4th_Year\Independence Term 1\GenerativeAI\MIDTERM\Midterm_GenAI\data\UCF-101\BalanceBeam\v_BalanceBeam_g06_c02.avi,BalanceBeam,6,2,gallery
C:\VU\4th_Year\Independence Term 1\GenerativeAI\MIDTERM\Midterm_GenAI\data\UCF-101\BalanceBeam\v_BalanceBeam_g06_c03.avi,BalanceBeam,6,3,gallery
C:\VU\4th_Year\Independence Term 1\GenerativeAI\MIDTERM\Midterm_GenAI\data\UCF-101\BalanceBeam\v_BalanceBeam_g06_c04.avi,BalanceBeam,6,4,gallery
C:\VU\4th_Year\Independence Term 1\GenerativeAI\MIDTERM\Midterm_GenAI\data\UCF-101\BalanceBeam\v_BalanceBeam_g06_c05.avi,BalanceBeam,6,5,gallery
C:\VU\4th_Year\Independence Term 1\GenerativeAI\MIDTERM\Midterm_GenAI\data\UCF-101\BalanceBeam\v_BalanceBeam_g06_c06.avi,BalanceBeam,6,6,gallery
C:\VU\4th_Year\Independence Term 1\GenerativeAI\MIDTERM\Midterm_GenAI\data\UCF-101\BalanceBeam\v_BalanceBeam_g06_c07.avi,BalanceBeam,6,7,gallery
C:\VU\4th_Year\Independence Term 1\GenerativeAI\MIDTERM\Midterm_GenAI\data\UCF-101\BalanceBeam\v_BalanceBeam_g07_c01.avi,BalanceBeam,7,1,query
C:\VU\4th_Year\Independence Term 1\GenerativeAI\MIDTERM\Midterm_GenAI\data\UCF-101\BalanceBeam\v_BalanceBeam_g07_c02.avi,BalanceBeam,7,2,query
C:\VU\4th_Year\Independence Term 1\GenerativeAI\MIDTERM\Midterm_GenAI\data\UCF-101\BalanceBeam\v_BalanceBeam_g07_c03.avi,BalanceBeam,7,3,query
C:\VU\4th_Year\Independence Term 1\GenerativeAI\MIDTERM\Midterm_GenAI\data\UCF-101\BalanceBeam\v_BalanceBeam_g07_c04.avi,BalanceBeam,7,4,query
C:\VU\4th_Year\Independence Term 1\GenerativeAI\MIDTERM\Midterm_GenAI\data\UCF-101\BalanceBeam\v_BalanceBeam_g08_c01.avi,BalanceBeam,8,1,gallery
C:\VU\4th_Year\Independence Term 1\GenerativeAI\MIDTERM\Midterm_GenAI\data\UCF-101\BalanceBeam\v_BalanceBeam_g08_c02.avi,BalanceBeam,8,2,gallery
C:\VU\4th_Year\Independence Term 1\GenerativeAI\MIDTERM\Midterm_GenAI\data\UCF-101\BalanceBeam\v_BalanceBeam_g08_c03.avi,BalanceBeam,8,3,gallery
C:\VU\4th_Year\Independence Term 1\GenerativeAI\MIDTERM\Midterm_GenAI\data\UCF-101\BalanceBeam\v_BalanceBeam_g08_c04.avi,BalanceBeam,8,4,gallery
C:\VU\4th_Year\Independence Term 1\GenerativeAI\MIDTERM\Midterm_GenAI\data\UCF-101\BalanceBeam\v_BalanceBeam_g09_c01.avi,BalanceBeam,9,1,gallery
C:\VU\4th_Year\Independence Term 1\GenerativeAI\MIDTERM\Midterm_GenAI\data\UCF-101\BalanceBeam\v_BalanceBeam_g09_c02.avi,BalanceBeam,9,2,gallery
C:\VU\4th_Year\Independence Term 1\GenerativeAI\MIDTERM\Midterm_GenAI\data\UCF-101\BalanceBeam\v_BalanceBeam_g09_c03.avi,BalanceBeam,9,3,gallery
C:\VU\4th_Year\Independence Term 1\GenerativeAI\MIDTERM\Midterm_GenAI\data\UCF-101\BalanceBeam\v_BalanceBeam_g09_c04.avi,BalanceBeam,9,4,gallery
C:\VU\4th_Year\Independence Term 1\GenerativeAI\MIDTERM\Midterm_GenAI\data\UCF-101\BalanceBeam\v_BalanceBeam_g10_c01.avi,BalanceBeam,10,1,gallery
C:\VU\4th_Year\Independence Term 1\GenerativeAI\MIDTERM\Midterm_GenAI\data\UCF-101\BandMarching\v_BandMarching_g01_c01.avi,BandMarching,1,1,gallery
C:\VU\4th_Year\Independence Term 1\GenerativeAI\MIDTERM\Midterm_GenAI\data\UCF-101\BandMarching\v_BandMarching_g01_c02.avi,BandMarching,1,2,gallery
C:\VU\4th_Year\Independence Term 1\GenerativeAI\MIDTERM\Midterm_GenAI\data\UCF-101\BandMarching\v_BandMarching_g01_c03.avi,BandMarching,1,3,gallery
C:\VU\4th_Year\Independence Term 1\GenerativeAI\MIDTERM\Midterm_GenAI\data\UCF-101\BandMarching\v_BandMarching_g01_c04.avi,BandMarching,1,4,gallery
C:\VU\4th_Year\Independence Term 1\GenerativeAI\MIDTERM\Midterm_GenAI\data\UCF-101\BandMarching\v_BandMarching_g01_c05.avi,BandMarching,1,5,gallery
C:\VU\4th_Year\Independence Term 1\GenerativeAI\MIDTERM\Midterm_GenAI\data\UCF-101\BandMarching\v_BandMarching_g01_c06.avi,BandMarching,1,6,gallery
C:\VU\4th_Year\Independence Term 1\GenerativeAI\MIDTERM\Midterm_GenAI\data\UCF-101\BandMarching\v_BandMarching_g01_c07.avi,BandMarching,1,7,gallery
C:\VU\4th_Year\Independence Term 1\GenerativeAI\MIDTERM\Midterm_GenAI\data\UCF-101\BandMarching\v_BandMarching_g02_c01.avi,BandMarching,2,1,gallery
C:\VU\4th_Year\Independence Term 1\GenerativeAI\MIDTERM\Midterm_GenAI\data\UCF-101\BandMarching\v_BandMarching_g02_c02.avi,BandMarching,2,2,gallery
C:\VU\4th_Year\Independence Term 1\GenerativeAI\MIDTERM\Midterm_GenAI\data\UCF-101\BandMarching\v_BandMarching_g02_c03.avi,BandMarching,2,3,gallery
C:\VU\4th_Year\Independence Term 1\GenerativeAI\MIDTERM\Midterm_GenAI\data\UCF-101\BandMarching\v_BandMarching_g02_c04.avi,BandMarching,2,4,gallery
C:\VU\4th_Year\Independence Term 1\GenerativeAI\MIDTERM\Midterm_GenAI\data\UCF-101\BandMarching\v_BandMarching_g02_c05.avi,BandMarching,2,5,gallery
C:\VU\4th_Year\Independence Term 1\GenerativeAI\MIDTERM\Midterm_GenAI\data\UCF-101\BandMarching\v_BandMarching_g02_c06.avi,BandMarching,2,6,gallery
C:\VU\4th_Year\Independence Term 1\GenerativeAI\MIDTERM\Midterm_GenAI\data\UCF-101\BandMarching\v_BandMarching_g02_c07.avi,BandMarching,2,7,gallery
C:\VU\4th_Year\Independence Term 1\GenerativeAI\MIDTERM\Midterm_GenAI\data\UCF-101\BandMarching\v_BandMarching_g03_c01.avi,BandMarching,3,1,gallery
C:\VU\4th_Year\Independence Term 1\GenerativeAI\MIDTERM\Midterm_GenAI\data\UCF-101\BandMarching\v_BandMarching_g03_c02.avi,BandMarching,3,2,gallery
C:\VU\4th_Year\Independence Term 1\GenerativeAI\MIDTERM\Midterm_GenAI\data\UCF-101\BandMarching\v_BandMarching_g03_c03.avi,BandMarching,3,3,gallery
C:\VU\4th_Year\Independence Term 1\GenerativeAI\MIDTERM\Midterm_GenAI\data\UCF-101\BandMarching\v_BandMarching_g03_c04.avi,BandMarching,3,4,gallery
C:\VU\4th_Year\Independence Term 1\GenerativeAI\MIDTERM\Midterm_GenAI\data\UCF-101\BandMarching\v_BandMarching_g03_c05.avi,BandMarching,3,5,gallery
C:\VU\4th_Year\Independence Term 1\GenerativeAI\MIDTERM\Midterm_GenAI\data\UCF-101\BandMarching\v_BandMarching_g03_c06.avi,BandMarching,3,6,gallery
C:\VU\4th_Year\Independence Term 1\GenerativeAI\MIDTERM\Midterm_GenAI\data\UCF-101\BandMarching\v_BandMarching_g03_c07.avi,BandMarching,3,7,gallery
C:\VU\4th_Year\Independence Term 1\GenerativeAI\MIDTERM\Midterm_GenAI\data\UCF-101\BandMarching\v_BandMarching_g04_c01.avi,BandMarching,4,1,gallery
C:\VU\4th_Year\Independence Term 1\GenerativeAI\MIDTERM\Midterm_GenAI\data\UCF-101\BandMarching\v_BandMarching_g04_c02.avi,BandMarching,4,2,gallery
C:\VU\4th_Year\Independence Term 1\GenerativeAI\MIDTERM\Midterm_GenAI\data\UCF-101\BandMarching\v_BandMarching_g04_c03.avi,BandMarching,4,3,gallery
C:\VU\4th_Year\Independence Term 1\GenerativeAI\MIDTERM\Midterm_GenAI\data\UCF-101\BandMarching\v_BandMarching_g04_c04.avi,BandMarching,4,4,gallery
C:\VU\4th_Year\Independence Term 1\GenerativeAI\MIDTERM\Midterm_GenAI\data\UCF-101\BandMarching\v_BandMarching_g05_c01.avi,BandMarching,5,1,query
C:\VU\4th_Year\Independence Term 1\GenerativeAI\MIDTERM\Midterm_GenAI\data\UCF-101\BandMarching\v_BandMarching_g05_c02.avi,BandMarching,5,2,query
C:\VU\4th_Year\Independence Term 1\GenerativeAI\MIDTERM\Midterm_GenAI\data\UCF-101\BandMarching\v_BandMarching_g05_c03.avi,BandMarching,5,3,query
C:\VU\4th_Year\Independence Term 1\GenerativeAI\MIDTERM\Midterm_GenAI\data\UCF-101\BandMarching\v_BandMarching_g05_c04.avi,BandMarching,5,4,query
C:\VU\4th_Year\Independence Term 1\GenerativeAI\MIDTERM\Midterm_GenAI\data\UCF-101\BandMarching\v_BandMarching_g05_c05.avi,BandMarching,5,5,query
C:\VU\4th_Year\Independence Term 1\GenerativeAI\MIDTERM\Midterm_GenAI\data\UCF-101\BandMarching\v_BandMarching_g05_c06.avi,BandMarching,5,6,query
C:\VU\4th_Year\Independence Term 1\GenerativeAI\MIDTERM\Midterm_GenAI\data\UCF-101\BandMarching\v_BandMarching_g05_c07.avi,BandMarching,5,7,query
C:\VU\4th_Year\Independence Term 1\GenerativeAI\MIDTERM\Midterm_GenAI\data\UCF-101\BandMarching\v_BandMarching_g06_c01.avi,BandMarching,6,1,gallery
C:\VU\4th_Year\Independence Term 1\GenerativeAI\MIDTERM\Midterm_GenAI\data\UCF-101\BandMarching\v_BandMarching_g06_c02.avi,BandMarching,6,2,gallery
C:\VU\4th_Year\Independence Term 1\GenerativeAI\MIDTERM\Midterm_GenAI\data\UCF-101\BandMarching\v_BandMarching_g06_c03.avi,BandMarching,6,3,gallery
C:\VU\4th_Year\Independence Term 1\GenerativeAI\MIDTERM\Midterm_GenAI\data\UCF-101\BandMarching\v_BandMarching_g06_c04.avi,BandMarching,6,4,gallery
C:\VU\4th_Year\Independence Term 1\GenerativeAI\MIDTERM\Midterm_GenAI\data\UCF-101\BandMarching\v_BandMarching_g07_c01.avi,BandMarching,7,1,query
C:\VU\4th_Year\Independence Term 1\GenerativeAI\MIDTERM\Midterm_GenAI\data\UCF-101\BandMarching\v_BandMarching_g07_c02.avi,BandMarching,7,2,query
C:\VU\4th_Year\Independence Term 1\GenerativeAI\MIDTERM\Midterm_GenAI\data\UCF-101\BandMarching\v_BandMarching_g07_c03.avi,BandMarching,7,3,query
C:\VU\4th_Year\Independence Term 1\GenerativeAI\MIDTERM\Midterm_GenAI\data\UCF-101\BandMarching\v_BandMarching_g07_c04.avi,BandMarching,7,4,query
C:\VU\4th_Year\Independence Term 1\GenerativeAI\MIDTERM\Midterm_GenAI\data\UCF-101\BaseballPitch\v_BaseballPitch_g01_c01.avi,BaseballPitch,1,1,gallery
C:\VU\4th_Year\Independence Term 1\GenerativeAI\MIDTERM\Midterm_GenAI\data\UCF-101\BaseballPitch\v_BaseballPitch_g01_c02.avi,BaseballPitch,1,2,gallery
C:\VU\4th_Year\Independence Term 1\GenerativeAI\MIDTERM\Midterm_GenAI\data\UCF-101\BaseballPitch\v_BaseballPitch_g01_c03.avi,BaseballPitch,1,3,gallery
C:\VU\4th_Year\Independence Term 1\GenerativeAI\MIDTERM\Midterm_GenAI\data\UCF-101\BaseballPitch\v_BaseballPitch_g01_c04.avi,BaseballPitch,1,4,gallery
C:\VU\4th_Year\Independence Term 1\GenerativeAI\MIDTERM\Midterm_GenAI\data\UCF-101\BaseballPitch\v_BaseballPitch_g01_c05.avi,BaseballPitch,1,5,gallery
C:\VU\4th_Year\Independence Term 1\GenerativeAI\MIDTERM\Midterm_GenAI\data\UCF-101\BaseballPitch\v_BaseballPitch_g01_c06.avi,BaseballPitch,1,6,gallery
C:\VU\4th_Year\Independence Term 1\GenerativeAI\MIDTERM\Midterm_GenAI\data\UCF-101\BaseballPitch\v_BaseballPitch_g02_c01.avi,BaseballPitch,2,1,gallery
C:\VU\4th_Year\Independence Term 1\GenerativeAI\MIDTERM\Midterm_GenAI\data\UCF-101\BaseballPitch\v_BaseballPitch_g02_c02.avi,BaseballPitch,2,2,gallery
C:\VU\4th_Year\Independence Term 1\GenerativeAI\MIDTERM\Midterm_GenAI\data\UCF-101\BaseballPitch\v_BaseballPitch_g02_c03.avi,BaseballPitch,2,3,gallery
C:\VU\4th_Year\Independence Term 1\GenerativeAI\MIDTERM\Midterm_GenAI\data\UCF-101\BaseballPitch\v_BaseballPitch_g02_c04.avi,BaseballPitch,2,4,gallery
C:\VU\4th_Year\Independence Term 1\GenerativeAI\MIDTERM\Midterm_GenAI\data\UCF-101\BaseballPitch\v_BaseballPitch_g03_c01.avi,BaseballPitch,3,1,gallery
C:\VU\4th_Year\Independence Term 1\GenerativeAI\MIDTERM\Midterm_GenAI\data\UCF-101\BaseballPitch\v_BaseballPitch_g03_c02.avi,BaseballPitch,3,2,gallery
C:\VU\4th_Year\Independence Term 1\GenerativeAI\MIDTERM\Midterm_GenAI\data\UCF-101\BaseballPitch\v_BaseballPitch_g03_c03.avi,BaseballPitch,3,3,gallery
C:\VU\4th_Year\Independence Term 1\GenerativeAI\MIDTERM\Midterm_GenAI\data\UCF-101\BaseballPitch\v_BaseballPitch_g03_c04.avi,BaseballPitch,3,4,gallery
C:\VU\4th_Year\Independence Term 1\GenerativeAI\MIDTERM\Midterm_GenAI\data\UCF-101\BaseballPitch\v_BaseballPitch_g03_c05.avi,BaseballPitch,3,5,gallery
C:\VU\4th_Year\Independence Term 1\GenerativeAI\MIDTERM\Midterm_GenAI\data\UCF-101\BaseballPitch\v_BaseballPitch_g03_c06.avi,BaseballPitch,3,6,gallery
C:\VU\4th_Year\Independence Term 1\GenerativeAI\MIDTERM\Midterm_GenAI\data\UCF-101\BaseballPitch\v_BaseballPitch_g03_c07.avi,BaseballPitch,3,7,gallery
C:\VU\4th_Year\Independence Term 1\GenerativeAI\MIDTERM\Midterm_GenAI\data\UCF-101\BaseballPitch\v_BaseballPitch_g04_c01.avi,BaseballPitch,4,1,query
C:\VU\4th_Year\Independence Term 1\GenerativeAI\MIDTERM\Midterm_GenAI\data\UCF-101\BaseballPitch\v_BaseballPitch_g04_c02.avi,BaseballPitch,4,2,query
C:\VU\4th_Year\Independence Term 1\GenerativeAI\MIDTERM\Midterm_GenAI\data\UCF-101\BaseballPitch\v_BaseballPitch_g04_c03.avi,BaseballPitch,4,3,query
C:\VU\4th_Year\Independence Term 1\GenerativeAI\MIDTERM\Midterm_GenAI\data\UCF-101\BaseballPitch\v_BaseballPitch_g04_c04.avi,BaseballPitch,4,4,query
C:\VU\4th_Year\Independence Term 1\GenerativeAI\MIDTERM\Midterm_GenAI\data\UCF-101\BaseballPitch\v_BaseballPitch_g04_c05.avi,BaseballPitch,4,5,query
C:\VU\4th_Year\Independence Term 1\GenerativeAI\MIDTERM\Midterm_GenAI\data\UCF-101\BaseballPitch\v_BaseballPitch_g05_c01.avi,BaseballPitch,5,1,gallery
C:\VU\4th_Year\Independence Term 1\GenerativeAI\MIDTERM\Midterm_GenAI\data\UCF-101\BaseballPitch\v_BaseballPitch_g05_c02.avi,BaseballPitch,5,2,gallery
C:\VU\4th_Year\Independence Term 1\GenerativeAI\MIDTERM\Midterm_GenAI\data\UCF-101\BaseballPitch\v_BaseballPitch_g05_c03.avi,BaseballPitch,5,3,gallery
C:\VU\4th_Year\Independence Term 1\GenerativeAI\MIDTERM\Midterm_GenAI\data\UCF-101\BaseballPitch\v_BaseballPitch_g05_c04.avi,BaseballPitch,5,4,gallery
C:\VU\4th_Year\Independence Term 1\GenerativeAI\MIDTERM\Midterm_GenAI\data\UCF-101\BaseballPitch\v_BaseballPitch_g05_c05.avi,BaseballPitch,5,5,gallery
C:\VU\4th_Year\Independence Term 1\GenerativeAI\MIDTERM\Midterm_GenAI\data\UCF-101\BaseballPitch\v_BaseballPitch_g05_c06.avi,BaseballPitch,5,6,gallery
C:\VU\4th_Year\Independence Term 1\GenerativeAI\MIDTERM\Midterm_GenAI\data\UCF-101\BaseballPitch\v_BaseballPitch_g05_c07.avi,BaseballPitch,5,7,gallery
C:\VU\4th_Year\Independence Term 1\GenerativeAI\MIDTERM\Midterm_GenAI\data\UCF-101\BaseballPitch\v_BaseballPitch_g06_c01.avi,BaseballPitch,6,1,gallery
C:\VU\4th_Year\Independence Term 1\GenerativeAI\MIDTERM\Midterm_GenAI\data\UCF-101\BaseballPitch\v_BaseballPitch_g06_c02.avi,BaseballPitch,6,2,gallery
C:\VU\4th_Year\Independence Term 1\GenerativeAI\MIDTERM\Midterm_GenAI\data\UCF-101\BaseballPitch\v_BaseballPitch_g06_c03.avi,BaseballPitch,6,3,gallery
C:\VU\4th_Year\Independence Term 1\GenerativeAI\MIDTERM\Midterm_GenAI\data\UCF-101\BaseballPitch\v_BaseballPitch_g06_c04.avi,BaseballPitch,6,4,gallery
C:\VU\4th_Year\Independence Term 1\GenerativeAI\MIDTERM\Midterm_GenAI\data\UCF-101\BaseballPitch\v_BaseballPitch_g06_c05.avi,BaseballPitch,6,5,gallery
C:\VU\4th_Year\Independence Term 1\GenerativeAI\MIDTERM\Midterm_GenAI\data\UCF-101\BaseballPitch\v_BaseballPitch_g06_c06.avi,BaseballPitch,6,6,gallery
C:\VU\4th_Year\Independence Term 1\GenerativeAI\MIDTERM\Midterm_GenAI\data\UCF-101\BaseballPitch\v_BaseballPitch_g06_c07.avi,BaseballPitch,6,7,gallery
C:\VU\4th_Year\Independence Term 1\GenerativeAI\MIDTERM\Midterm_GenAI\data\UCF-101\BaseballPitch\v_BaseballPitch_g07_c01.avi,BaseballPitch,7,1,query
C:\VU\4th_Year\Independence Term 1\GenerativeAI\MIDTERM\Midterm_GenAI\data\UCF-101\BaseballPitch\v_BaseballPitch_g07_c02.avi,BaseballPitch,7,2,query
C:\VU\4th_Year\Independence Term 1\GenerativeAI\MIDTERM\Midterm_GenAI\data\UCF-101\BaseballPitch\v_BaseballPitch_g07_c03.avi,BaseballPitch,7,3,query
C:\VU\4th_Year\Independence Term 1\GenerativeAI\MIDTERM\Midterm_GenAI\data\UCF-101\BaseballPitch\v_BaseballPitch_g07_c04.avi,BaseballPitch,7,4,query
C:\VU\4th_Year\Independence Term 1\GenerativeAI\MIDTERM\Midterm_GenAI\data\UCF-101\Basketball\v_Basketball_g01_c01.avi,Basketball,1,1,gallery
C:\VU\4th_Year\Independence Term 1\GenerativeAI\MIDTERM\Midterm_GenAI\data\UCF-101\Basketball\v_Basketball_g01_c02.avi,Basketball,1,2,gallery
C:\VU\4th_Year\Independence Term 1\GenerativeAI\MIDTERM\Midterm_GenAI\data\UCF-101\Basketball\v_Basketball_g01_c03.avi,Basketball,1,3,gallery
C:\VU\4th_Year\Independence Term 1\GenerativeAI\MIDTERM\Midterm_GenAI\data\UCF-101\Basketball\v_Basketball_g01_c04.avi,Basketball,1,4,gallery
C:\VU\4th_Year\Independence Term 1\GenerativeAI\MIDTERM\Midterm_GenAI\data\UCF-101\Basketball\v_Basketball_g01_c05.avi,Basketball,1,5,gallery
C:\VU\4th_Year\Independence Term 1\GenerativeAI\MIDTERM\Midterm_GenAI\data\UCF-101\Basketball\v_Basketball_g01_c06.avi,Basketball,1,6,gallery
C:\VU\4th_Year\Independence Term 1\GenerativeAI\MIDTERM\Midterm_GenAI\data\UCF-101\Basketball\v_Basketball_g01_c07.avi,Basketball,1,7,gallery
C:\VU\4th_Year\Independence Term 1\GenerativeAI\MIDTERM\Midterm_GenAI\data\UCF-101\Basketball\v_Basketball_g02_c01.avi,Basketball,2,1,gallery
C:\VU\4th_Year\Independence Term 1\GenerativeAI\MIDTERM\Midterm_GenAI\data\UCF-101\Basketball\v_Basketball_g02_c02.avi,Basketball,2,2,gallery
C:\VU\4th_Year\Independence Term 1\GenerativeAI\MIDTERM\Midterm_GenAI\data\UCF-101\Basketball\v_Basketball_g02_c03.avi,Basketball,2,3,gallery
C:\VU\4th_Year\Independence Term 1\GenerativeAI\MIDTERM\Midterm_GenAI\data\UCF-101\Basketball\v_Basketball_g02_c04.avi,Basketball,2,4,gallery
C:\VU\4th_Year\Independence Term 1\GenerativeAI\MIDTERM\Midterm_GenAI\data\UCF-101\Basketball\v_Basketball_g02_c05.avi,Basketball,2,5,gallery
C:\VU\4th_Year\Independence Term 1\GenerativeAI\MIDTERM\Midterm_GenAI\data\UCF-101\Basketball\v_Basketball_g02_c06.avi,Basketball,2,6,gallery
C:\VU\4th_Year\Independence Term 1\GenerativeAI\MIDTERM\Midterm_GenAI\data\UCF-101\Basketball\v_Basketball_g03_c01.avi,Basketball,3,1,gallery
C:\VU\4th_Year\Independence Term 1\GenerativeAI\MIDTERM\Midterm_GenAI\data\UCF-101\Basketball\v_Basketball_g03_c02.avi,Basketball,3,2,gallery
C:\VU\4th_Year\Independence Term 1\GenerativeAI\MIDTERM\Midterm_GenAI\data\UCF-101\Basketball\v_Basketball_g03_c03.avi,Basketball,3,3,gallery
C:\VU\4th_Year\Independence Term 1\GenerativeAI\MIDTERM\Midterm_GenAI\data\UCF-101\Basketball\v_Basketball_g03_c04.avi,Basketball,3,4,gallery
C:\VU\4th_Year\Independence Term 1\GenerativeAI\MIDTERM\Midterm_GenAI\data\UCF-101\Basketball\v_Basketball_g03_c05.avi,Basketball,3,5,gallery
C:\VU\4th_Year\Independence Term 1\GenerativeAI\MIDTERM\Midterm_GenAI\data\UCF-101\Basketball\v_Basketball_g03_c06.avi,Basketball,3,6,gallery
C:\VU\4th_Year\Independence Term 1\GenerativeAI\MIDTERM\Midterm_GenAI\data\UCF-101\Basketball\v_Basketball_g04_c01.avi,Basketball,4,1,gallery
C:\VU\4th_Year\Independence Term 1\GenerativeAI\MIDTERM\Midterm_GenAI\data\UCF-101\Basketball\v_Basketball_g04_c02.avi,Basketball,4,2,gallery
C:\VU\4th_Year\Independence Term 1\GenerativeAI\MIDTERM\Midterm_GenAI\data\UCF-101\Basketball\v_Basketball_g04_c03.avi,Basketball,4,3,gallery
C:\VU\4th_Year\Independence Term 1\GenerativeAI\MIDTERM\Midterm_GenAI\data\UCF-101\Basketball\v_Basketball_g04_c04.avi,Basketball,4,4,gallery
C:\VU\4th_Year\Independence Term 1\GenerativeAI\MIDTERM\Midterm_GenAI\data\UCF-101\Basketball\v_Basketball_g05_c01.avi,Basketball,5,1,gallery
C:\VU\4th_Year\Independence Term 1\GenerativeAI\MIDTERM\Midterm_GenAI\data\UCF-101\Basketball\v_Basketball_g05_c02.avi,Basketball,5,2,gallery
C:\VU\4th_Year\Independence Term 1\GenerativeAI\MIDTERM\Midterm_GenAI\data\UCF-101\Basketball\v_Basketball_g05_c03.avi,Basketball,5,3,gallery
C:\VU\4th_Year\Independence Term 1\GenerativeAI\MIDTERM\Midterm_GenAI\data\UCF-101\Basketball\v_Basketball_g05_c04.avi,Basketball,5,4,gallery
C:\VU\4th_Year\Independence Term 1\GenerativeAI\MIDTERM\Midterm_GenAI\data\UCF-101\Basketball\v_Basketball_g06_c01.avi,Basketball,6,1,gallery
C:\VU\4th_Year\Independence Term 1\GenerativeAI\MIDTERM\Midterm_GenAI\data\UCF-101\Basketball\v_Basketball_g06_c02.avi,Basketball,6,2,gallery
C:\VU\4th_Year\Independence Term 1\GenerativeAI\MIDTERM\Midterm_GenAI\data\UCF-101\Basketball\v_Basketball_g06_c03.avi,Basketball,6,3,gallery
C:\VU\4th_Year\Independence Term 1\GenerativeAI\MIDTERM\Midterm_GenAI\data\UCF-101\Basketball\v_Basketball_g06_c04.avi,Basketball,6,4,gallery
C:\VU\4th_Year\Independence Term 1\GenerativeAI\MIDTERM\Midterm_GenAI\data\UCF-101\Basketball\v_Basketball_g07_c01.avi,Basketball,7,1,query
C:\VU\4th_Year\Independence Term 1\GenerativeAI\MIDTERM\Midterm_GenAI\data\UCF-101\Basketball\v_Basketball_g07_c02.avi,Basketball,7,2,query
C:\VU\4th_Year\Independence Term 1\GenerativeAI\MIDTERM\Midterm_GenAI\data\UCF-101\Basketball\v_Basketball_g07_c03.avi,Basketball,7,3,query
C:\VU\4th_Year\Independence Term 1\GenerativeAI\MIDTERM\Midterm_GenAI\data\UCF-101\Basketball\v_Basketball_g07_c04.avi,Basketball,7,4,query
C:\VU\4th_Year\Independence Term 1\GenerativeAI\MIDTERM\Midterm_GenAI\data\UCF-101\Basketball\v_Basketball_g08_c01.avi,Basketball,8,1,gallery
C:\VU\4th_Year\Independence Term 1\GenerativeAI\MIDTERM\Midterm_GenAI\data\UCF-101\Basketball\v_Basketball_g08_c02.avi,Basketball,8,2,gallery
C:\VU\4th_Year\Independence Term 1\GenerativeAI\MIDTERM\Midterm_GenAI\data\UCF-101\Basketball\v_Basketball_g08_c03.avi,Basketball,8,3,gallery
C:\VU\4th_Year\Independence Term 1\GenerativeAI\MIDTERM\Midterm_GenAI\data\UCF-101\Basketball\v_Basketball_g08_c04.avi,Basketball,8,4,gallery
C:\VU\4th_Year\Independence Term 1\GenerativeAI\MIDTERM\Midterm_GenAI\data\UCF-101\Basketball\v_Basketball_g09_c01.avi,Basketball,9,1,query
C:\VU\4th_Year\Independence Term 1\GenerativeAI\MIDTERM\Midterm_GenAI\data\UCF-101\BasketballDunk\v_BasketballDunk_g01_c01.avi,BasketballDunk,1,1,gallery
C:\VU\4th_Year\Independence Term 1\GenerativeAI\MIDTERM\Midterm_GenAI\data\UCF-101\BasketballDunk\v_BasketballDunk_g01_c02.avi,BasketballDunk,1,2,gallery
C:\VU\4th_Year\Independence Term 1\GenerativeAI\MIDTERM\Midterm_GenAI\data\UCF-101\BasketballDunk\v_BasketballDunk_g01_c03.avi,BasketballDunk,1,3,gallery
C:\VU\4th_Year\Independence Term 1\GenerativeAI\MIDTERM\Midterm_GenAI\data\UCF-101\BasketballDunk\v_BasketballDunk_g01_c04.avi,BasketballDunk,1,4,gallery
C:\VU\4th_Year\Independence Term 1\GenerativeAI\MIDTERM\Midterm_GenAI\data\UCF-101\BasketballDunk\v_BasketballDunk_g01_c05.avi,BasketballDunk,1,5,gallery
C:\VU\4th_Year\Independence Term 1\GenerativeAI\MIDTERM\Midterm_GenAI\data\UCF-101\BasketballDunk\v_BasketballDunk_g01_c06.avi,BasketballDunk,1,6,gallery
C:\VU\4th_Year\Independence Term 1\GenerativeAI\MIDTERM\Midterm_GenAI\data\UCF-101\BasketballDunk\v_BasketballDunk_g01_c07.avi,BasketballDunk,1,7,gallery
C:\VU\4th_Year\Independence Term 1\GenerativeAI\MIDTERM\Midterm_GenAI\data\UCF-101\BasketballDunk\v_BasketballDunk_g02_c01.avi,BasketballDunk,2,1,gallery
C:\VU\4th_Year\Independence Term 1\GenerativeAI\MIDTERM\Midterm_GenAI\data\UCF-101\BasketballDunk\v_BasketballDunk_g02_c02.avi,BasketballDunk,2,2,gallery
C:\VU\4th_Year\Independence Term 1\GenerativeAI\MIDTERM\Midterm_GenAI\data\UCF-101\BasketballDunk\v_BasketballDunk_g02_c03.avi,BasketballDunk,2,3,gallery
C:\VU\4th_Year\Independence Term 1\GenerativeAI\MIDTERM\Midterm_GenAI\data\UCF-101\BasketballDunk\v_BasketballDunk_g02_c04.avi,BasketballDunk,2,4,gallery
C:\VU\4th_Year\Independence Term 1\GenerativeAI\MIDTERM\Midterm_GenAI\data\UCF-101\BasketballDunk\v_BasketballDunk_g03_c01.avi,BasketballDunk,3,1,query
C:\VU\4th_Year\Independence Term 1\GenerativeAI\MIDTERM\Midterm_GenAI\data\UCF-101\BasketballDunk\v_BasketballDunk_g03_c02.avi,BasketballDunk,3,2,query
C:\VU\4th_Year\Independence Term 1\GenerativeAI\MIDTERM\Midterm_GenAI\data\UCF-101\BasketballDunk\v_BasketballDunk_g03_c03.avi,BasketballDunk,3,3,query
C:\VU\4th_Year\Independence Term 1\GenerativeAI\MIDTERM\Midterm_GenAI\data\UCF-101\BasketballDunk\v_BasketballDunk_g03_c04.avi,BasketballDunk,3,4,query
C:\VU\4th_Year\Independence Term 1\GenerativeAI\MIDTERM\Midterm_GenAI\data\UCF-101\BasketballDunk\v_BasketballDunk_g03_c05.avi,BasketballDunk,3,5,query
C:\VU\4th_Year\Independence Term 1\GenerativeAI\MIDTERM\Midterm_GenAI\data\UCF-101\BasketballDunk\v_BasketballDunk_g03_c06.avi,BasketballDunk,3,6,query
C:\VU\4th_Year\Independence Term 1\GenerativeAI\MIDTERM\Midterm_GenAI\data\UCF-101\BasketballDunk\v_BasketballDunk_g04_c01.avi,BasketballDunk,4,1,gallery
C:\VU\4th_Year\Independence Term 1\GenerativeAI\MIDTERM\Midterm_GenAI\data\UCF-101\BasketballDunk\v_BasketballDunk_g04_c02.avi,BasketballDunk,4,2,gallery
C:\VU\4th_Year\Independence Term 1\GenerativeAI\MIDTERM\Midterm_GenAI\data\UCF-101\BasketballDunk\v_BasketballDunk_g04_c03.avi,BasketballDunk,4,3,gallery
C:\VU\4th_Year\Independence Term 1\GenerativeAI\MIDTERM\Midterm_GenAI\data\UCF-101\BasketballDunk\v_BasketballDunk_g04_c04.avi,BasketballDunk,4,4,gallery
C:\VU\4th_Year\Independence Term 1\GenerativeAI\MIDTERM\Midterm_GenAI\data\UCF-101\BasketballDunk\v_BasketballDunk_g05_c01.avi,BasketballDunk,5,1,gallery
C:\VU\4th_Year\Independence Term 1\GenerativeAI\MIDTERM\Midterm_GenAI\data\UCF-101\BasketballDunk\v_BasketballDunk_g05_c02.avi,BasketballDunk,5,2,gallery
C:\VU\4th_Year\Independence Term 1\GenerativeAI\MIDTERM\Midterm_GenAI\data\UCF-101\BasketballDunk\v_BasketballDunk_g05_c03.avi,BasketballDunk,5,3,gallery
C:\VU\4th_Year\Independence Term 1\GenerativeAI\MIDTERM\Midterm_GenAI\data\UCF-101\BasketballDunk\v_BasketballDunk_g05_c04.avi,BasketballDunk,5,4,gallery
C:\VU\4th_Year\Independence Term 1\GenerativeAI\MIDTERM\Midterm_GenAI\data\UCF-101\BasketballDunk\v_BasketballDunk_g05_c05.avi,BasketballDunk,5,5,gallery
C:\VU\4th_Year\Independence Term 1\GenerativeAI\MIDTERM\Midterm_GenAI\data\UCF-101\BasketballDunk\v_BasketballDunk_g05_c06.avi,BasketballDunk,5,6,gallery
C:\VU\4th_Year\Independence Term 1\GenerativeAI\MIDTERM\Midterm_GenAI\data\UCF-101\BasketballDunk\v_BasketballDunk_g06_c01.avi,BasketballDunk,6,1,gallery
C:\VU\4th_Year\Independence Term 1\GenerativeAI\MIDTERM\Midterm_GenAI\data\UCF-101\BasketballDunk\v_BasketballDunk_g06_c02.avi,BasketballDunk,6,2,gallery
C:\VU\4th_Year\Independence Term 1\GenerativeAI\MIDTERM\Midterm_GenAI\data\UCF-101\BasketballDunk\v_BasketballDunk_g06_c03.avi,BasketballDunk,6,3,gallery
C:\VU\4th_Year\Independence Term 1\GenerativeAI\MIDTERM\Midterm_GenAI\data\UCF-101\BasketballDunk\v_BasketballDunk_g06_c04.avi,BasketballDunk,6,4,gallery
C:\VU\4th_Year\Independence Term 1\GenerativeAI\MIDTERM\Midterm_GenAI\data\UCF-101\BasketballDunk\v_BasketballDunk_g07_c01.avi,BasketballDunk,7,1,query
C:\VU\4th_Year\Independence Term 1\GenerativeAI\MIDTERM\Midterm_GenAI\data\UCF-101\BasketballDunk\v_BasketballDunk_g07_c02.avi,BasketballDunk,7,2,query
C:\VU\4th_Year\Independence Term 1\GenerativeAI\MIDTERM\Midterm_GenAI\data\UCF-101\BasketballDunk\v_BasketballDunk_g07_c03.avi,BasketballDunk,7,3,query
C:\VU\4th_Year\Independence Term 1\GenerativeAI\MIDTERM\Midterm_GenAI\data\UCF-101\BasketballDunk\v_BasketballDunk_g07_c04.avi,BasketballDunk,7,4,query
C:\VU\4th_Year\Independence Term 1\GenerativeAI\MIDTERM\Midterm_GenAI\data\UCF-101\BasketballDunk\v_BasketballDunk_g07_c05.avi,BasketballDunk,7,5,query
C:\VU\4th_Year\Independence Term 1\GenerativeAI\MIDTERM\Midterm_GenAI\data\UCF-101\BasketballDunk\v_BasketballDunk_g07_c06.avi,BasketballDunk,7,6,query
C:\VU\4th_Year\Independence Term 1\GenerativeAI\MIDTERM\Midterm_GenAI\data\UCF-101\BasketballDunk\v_BasketballDunk_g08_c01.avi,BasketballDunk,8,1,gallery
C:\VU\4th_Year\Independence Term 1\GenerativeAI\MIDTERM\Midterm_GenAI\data\UCF-101\BasketballDunk\v_BasketballDunk_g08_c02.avi,BasketballDunk,8,2,gallery
C:\VU\4th_Year\Independence Term 1\GenerativeAI\MIDTERM\Midterm_GenAI\data\UCF-101\BasketballDunk\v_BasketballDunk_g08_c03.avi,BasketballDunk,8,3,gallery
C:\VU\4th_Year\Independence Term 1\GenerativeAI\MIDTERM\Midterm_GenAI\data\UCF-101\BenchPress\v_BenchPress_g01_c01.avi,BenchPress,1,1,query
C:\VU\4th_Year\Independence Term 1\GenerativeAI\MIDTERM\Midterm_GenAI\data\UCF-101\BenchPress\v_BenchPress_g01_c02.avi,BenchPress,1,2,query
C:\VU\4th_Year\Independence Term 1\GenerativeAI\MIDTERM\Midterm_GenAI\data\UCF-101\BenchPress\v_BenchPress_g01_c03.avi,BenchPress,1,3,query
C:\VU\4th_Year\Independence Term 1\GenerativeAI\MIDTERM\Midterm_GenAI\data\UCF-101\BenchPress\v_BenchPress_g01_c04.avi,BenchPress,1,4,query
C:\VU\4th_Year\Independence Term 1\GenerativeAI\MIDTERM\Midterm_GenAI\data\UCF-101\BenchPress\v_BenchPress_g01_c05.avi,BenchPress,1,5,query
C:\VU\4th_Year\Independence Term 1\GenerativeAI\MIDTERM\Midterm_GenAI\data\UCF-101\BenchPress\v_BenchPress_g01_c06.avi,BenchPress,1,6,query
C:\VU\4th_Year\Independence Term 1\GenerativeAI\MIDTERM\Midterm_GenAI\data\UCF-101\BenchPress\v_BenchPress_g02_c01.avi,BenchPress,2,1,gallery
C:\VU\4th_Year\Independence Term 1\GenerativeAI\MIDTERM\Midterm_GenAI\data\UCF-101\BenchPress\v_BenchPress_g02_c02.avi,BenchPress,2,2,gallery
C:\VU\4th_Year\Independence Term 1\GenerativeAI\MIDTERM\Midterm_GenAI\data\UCF-101\BenchPress\v_BenchPress_g02_c03.avi,BenchPress,2,3,gallery
C:\VU\4th_Year\Independence Term 1\GenerativeAI\MIDTERM\Midterm_GenAI\data\UCF-101\BenchPress\v_BenchPress_g02_c04.avi,BenchPress,2,4,gallery
C:\VU\4th_Year\Independence Term 1\GenerativeAI\MIDTERM\Midterm_GenAI\data\UCF-101\BenchPress\v_BenchPress_g02_c05.avi,BenchPress,2,5,gallery
C:\VU\4th_Year\Independence Term 1\GenerativeAI\MIDTERM\Midterm_GenAI\data\UCF-101\BenchPress\v_BenchPress_g02_c06.avi,BenchPress,2,6,gallery
C:\VU\4th_Year\Independence Term 1\GenerativeAI\MIDTERM\Midterm_GenAI\data\UCF-101\BenchPress\v_BenchPress_g02_c07.avi,BenchPress,2,7,gallery
C:\VU\4th_Year\Independence Term 1\GenerativeAI\MIDTERM\Midterm_GenAI\data\UCF-101\BenchPress\v_BenchPress_g03_c01.avi,BenchPress,3,1,gallery
C:\VU\4th_Year\Independence Term 1\GenerativeAI\MIDTERM\Midterm_GenAI\data\UCF-101\BenchPress\v_BenchPress_g03_c02.avi,BenchPress,3,2,gallery
C:\VU\4th_Year\Independence Term 1\GenerativeAI\MIDTERM\Midterm_GenAI\data\UCF-101\BenchPress\v_BenchPress_g03_c03.avi,BenchPress,3,3,gallery
C:\VU\4th_Year\Independence Term 1\GenerativeAI\MIDTERM\Midterm_GenAI\data\UCF-101\BenchPress\v_BenchPress_g03_c04.avi,BenchPress,3,4,gallery
C:\VU\4th_Year\Independence Term 1\GenerativeAI\MIDTERM\Midterm_GenAI\data\UCF-101\BenchPress\v_BenchPress_g03_c05.avi,BenchPress,3,5,gallery
C:\VU\4th_Year\Independence Term 1\GenerativeAI\MIDTERM\Midterm_GenAI\data\UCF-101\BenchPress\v_BenchPress_g03_c06.avi,BenchPress,3,6,gallery
C:\VU\4th_Year\Independence Term 1\GenerativeAI\MIDTERM\Midterm_GenAI\data\UCF-101\BenchPress\v_BenchPress_g03_c07.avi,BenchPress,3,7,gallery
C:\VU\4th_Year\Independence Term 1\GenerativeAI\MIDTERM\Midterm_GenAI\data\UCF-101\BenchPress\v_BenchPress_g04_c01.avi,BenchPress,4,1,gallery
C:\VU\4th_Year\Independence Term 1\GenerativeAI\MIDTERM\Midterm_GenAI\data\UCF-101\BenchPress\v_BenchPress_g04_c02.avi,BenchPress,4,2,gallery
C:\VU\4th_Year\Independence Term 1\GenerativeAI\MIDTERM\Midterm_GenAI\data\UCF-101\BenchPress\v_BenchPress_g04_c03.avi,BenchPress,4,3,gallery
C:\VU\4th_Year\Independence Term 1\GenerativeAI\MIDTERM\Midterm_GenAI\data\UCF-101\BenchPress\v_BenchPress_g04_c04.avi,BenchPress,4,4,gallery
C:\VU\4th_Year\Independence Term 1\GenerativeAI\MIDTERM\Midterm_GenAI\data\UCF-101\BenchPress\v_BenchPress_g04_c05.avi,BenchPress,4,5,gallery
C:\VU\4th_Year\Independence Term 1\GenerativeAI\MIDTERM\Midterm_GenAI\data\UCF-101\BenchPress\v_BenchPress_g04_c06.avi,BenchPress,4,6,gallery
C:\VU\4th_Year\Independence Term 1\GenerativeAI\MIDTERM\Midterm_GenAI\data\UCF-101\BenchPress\v_BenchPress_g04_c07.avi,BenchPress,4,7,gallery
C:\VU\4th_Year\Independence Term 1\GenerativeAI\MIDTERM\Midterm_GenAI\data\UCF-101\BenchPress\v_BenchPress_g05_c01.avi,BenchPress,5,1,query
C:\VU\4th_Year\Independence Term 1\GenerativeAI\MIDTERM\Midterm_GenAI\data\UCF-101\BenchPress\v_BenchPress_g05_c02.avi,BenchPress,5,2,query
C:\VU\4th_Year\Independence Term 1\GenerativeAI\MIDTERM\Midterm_GenAI\data\UCF-101\BenchPress\v_BenchPress_g05_c03.avi,BenchPress,5,3,query
C:\VU\4th_Year\Independence Term 1\GenerativeAI\MIDTERM\Midterm_GenAI\data\UCF-101\BenchPress\v_BenchPress_g05_c04.avi,BenchPress,5,4,query
C:\VU\4th_Year\Independence Term 1\GenerativeAI\MIDTERM\Midterm_GenAI\data\UCF-101\BenchPress\v_BenchPress_g05_c05.avi,BenchPress,5,5,query
C:\VU\4th_Year\Independence Term 1\GenerativeAI\MIDTERM\Midterm_GenAI\data\UCF-101\BenchPress\v_BenchPress_g05_c06.avi,BenchPress,5,6,query
C:\VU\4th_Year\Independence Term 1\GenerativeAI\MIDTERM\Midterm_GenAI\data\UCF-101\BenchPress\v_BenchPress_g05_c07.avi,BenchPress,5,7,query
C:\VU\4th_Year\Independence Term 1\GenerativeAI\MIDTERM\Midterm_GenAI\data\UCF-101\BenchPress\v_BenchPress_g06_c01.avi,BenchPress,6,1,gallery
C:\VU\4th_Year\Independence Term 1\GenerativeAI\MIDTERM\Midterm_GenAI\data\UCF-101\BenchPress\v_BenchPress_g06_c02.avi,BenchPress,6,2,gallery
C:\VU\4th_Year\Independence Term 1\GenerativeAI\MIDTERM\Midterm_GenAI\data\UCF-101\BenchPress\v_BenchPress_g06_c03.avi,BenchPress,6,3,gallery
C:\VU\4th_Year\Independence Term 1\GenerativeAI\MIDTERM\Midterm_GenAI\data\UCF-101\BenchPress\v_BenchPress_g06_c04.avi,BenchPress,6,4,gallery
C:\VU\4th_Year\Independence Term 1\GenerativeAI\MIDTERM\Midterm_GenAI\data\UCF-101\BenchPress\v_BenchPress_g06_c05.avi,BenchPress,6,5,gallery
C:\VU\4th_Year\Independence Term 1\GenerativeAI\MIDTERM\Midterm_GenAI\data\UCF-101\BenchPress\v_BenchPress_g06_c06.avi,BenchPress,6,6,gallery
C:\VU\4th_Year\Independence Term 1\GenerativeAI\MIDTERM\Midterm_GenAI\data\UCF-101\Biking\v_Biking_g01_c01.avi,Biking,1,1,gallery
C:\VU\4th_Year\Independence Term 1\GenerativeAI\MIDTERM\Midterm_GenAI\data\UCF-101\Biking\v_Biking_g01_c02.avi,Biking,1,2,gallery
C:\VU\4th_Year\Independence Term 1\GenerativeAI\MIDTERM\Midterm_GenAI\data\UCF-101\Biking\v_Biking_g01_c03.avi,Biking,1,3,gallery
C:\VU\4th_Year\Independence Term 1\GenerativeAI\MIDTERM\Midterm_GenAI\data\UCF-101\Biking\v_Biking_g01_c04.avi,Biking,1,4,gallery
C:\VU\4th_Year\Independence Term 1\GenerativeAI\MIDTERM\Midterm_GenAI\data\UCF-101\Biking\v_Biking_g02_c01.avi,Biking,2,1,query
C:\VU\4th_Year\Independence Term 1\GenerativeAI\MIDTERM\Midterm_GenAI\data\UCF-101\Biking\v_Biking_g02_c02.avi,Biking,2,2,query
C:\VU\4th_Year\Independence Term 1\GenerativeAI\MIDTERM\Midterm_GenAI\data\UCF-101\Biking\v_Biking_g02_c03.avi,Biking,2,3,query
C:\VU\4th_Year\Independence Term 1\GenerativeAI\MIDTERM\Midterm_GenAI\data\UCF-101\Biking\v_Biking_g02_c04.avi,Biking,2,4,query
C:\VU\4th_Year\Independence Term 1\GenerativeAI\MIDTERM\Midterm_GenAI\data\UCF-101\Biking\v_Biking_g02_c05.avi,Biking,2,5,query
C:\VU\4th_Year\Independence Term 1\GenerativeAI\MIDTERM\Midterm_GenAI\data\UCF-101\Biking\v_Biking_g02_c06.avi,Biking,2,6,query
C:\VU\4th_Year\Independence Term 1\GenerativeAI\MIDTERM\Midterm_GenAI\data\UCF-101\Biking\v_Biking_g02_c07.avi,Biking,2,7,query
C:\VU\4th_Year\Independence Term 1\GenerativeAI\MIDTERM\Midterm_GenAI\data\UCF-101\Biking\v_Biking_g03_c01.avi,Biking,3,1,gallery
C:\VU\4th_Year\Independence Term 1\GenerativeAI\MIDTERM\Midterm_GenAI\data\UCF-101\Biking\v_Biking_g03_c02.avi,Biking,3,2,gallery
C:\VU\4th_Year\Independence Term 1\GenerativeAI\MIDTERM\Midterm_GenAI\data\UCF-101\Biking\v_Biking_g03_c03.avi,Biking,3,3,gallery
C:\VU\4th_Year\Independence Term 1\GenerativeAI\MIDTERM\Midterm_GenAI\data\UCF-101\Biking\v_Biking_g03_c04.avi,Biking,3,4,gallery
C:\VU\4th_Year\Independence Term 1\GenerativeAI\MIDTERM\Midterm_GenAI\data\UCF-101\Biking\v_Biking_g04_c01.avi,Biking,4,1,gallery
C:\VU\4th_Year\Independence Term 1\GenerativeAI\MIDTERM\Midterm_GenAI\data\UCF-101\Biking\v_Biking_g04_c02.avi,Biking,4,2,gallery
C:\VU\4th_Year\Independence Term 1\GenerativeAI\MIDTERM\Midterm_GenAI\data\UCF-101\Biking\v_Biking_g04_c03.avi,Biking,4,3,gallery
C:\VU\4th_Year\Independence Term 1\GenerativeAI\MIDTERM\Midterm_GenAI\data\UCF-101\Biking\v_Biking_g04_c04.avi,Biking,4,4,gallery
C:\VU\4th_Year\Independence Term 1\GenerativeAI\MIDTERM\Midterm_GenAI\data\UCF-101\Biking\v_Biking_g04_c05.avi,Biking,4,5,gallery
C:\VU\4th_Year\Independence Term 1\GenerativeAI\MIDTERM\Midterm_GenAI\data\UCF-101\Biking\v_Biking_g05_c01.avi,Biking,5,1,gallery
C:\VU\4th_Year\Independence Term 1\GenerativeAI\MIDTERM\Midterm_GenAI\data\UCF-101\Biking\v_Biking_g05_c02.avi,Biking,5,2,gallery
C:\VU\4th_Year\Independence Term 1\GenerativeAI\MIDTERM\Midterm_GenAI\data\UCF-101\Biking\v_Biking_g05_c03.avi,Biking,5,3,gallery
C:\VU\4th_Year\Independence Term 1\GenerativeAI\MIDTERM\Midterm_GenAI\data\UCF-101\Biking\v_Biking_g05_c04.avi,Biking,5,4,gallery
C:\VU\4th_Year\Independence Term 1\GenerativeAI\MIDTERM\Midterm_GenAI\data\UCF-101\Biking\v_Biking_g05_c05.avi,Biking,5,5,gallery
C:\VU\4th_Year\Independence Term 1\GenerativeAI\MIDTERM\Midterm_GenAI\data\UCF-101\Biking\v_Biking_g05_c06.avi,Biking,5,6,gallery
C:\VU\4th_Year\Independence Term 1\GenerativeAI\MIDTERM\Midterm_GenAI\data\UCF-101\Biking\v_Biking_g05_c07.avi,Biking,5,7,gallery
C:\VU\4th_Year\Independence Term 1\GenerativeAI\MIDTERM\Midterm_GenAI\data\UCF-101\Biking\v_Biking_g06_c01.avi,Biking,6,1,query
C:\VU\4th_Year\Independence Term 1\GenerativeAI\MIDTERM\Midterm_GenAI\data\UCF-101\Biking\v_Biking_g06_c02.avi,Biking,6,2,query
C:\VU\4th_Year\Independence Term 1\GenerativeAI\MIDTERM\Midterm_GenAI\data\UCF-101\Biking\v_Biking_g06_c03.avi,Biking,6,3,query
C:\VU\4th_Year\Independence Term 1\GenerativeAI\MIDTERM\Midterm_GenAI\data\UCF-101\Biking\v_Biking_g06_c04.avi,Biking,6,4,query
C:\VU\4th_Year\Independence Term 1\GenerativeAI\MIDTERM\Midterm_GenAI\data\UCF-101\Biking\v_Biking_g06_c05.avi,Biking,6,5,query
C:\VU\4th_Year\Independence Term 1\GenerativeAI\MIDTERM\Midterm_GenAI\data\UCF-101\Biking\v_Biking_g07_c01.avi,Biking,7,1,gallery
C:\VU\4th_Year\Independence Term 1\GenerativeAI\MIDTERM\Midterm_GenAI\data\UCF-101\Biking\v_Biking_g07_c02.avi,Biking,7,2,gallery
C:\VU\4th_Year\Independence Term 1\GenerativeAI\MIDTERM\Midterm_GenAI\data\UCF-101\Biking\v_Biking_g07_c03.avi,Biking,7,3,gallery
C:\VU\4th_Year\Independence Term 1\GenerativeAI\MIDTERM\Midterm_GenAI\data\UCF-101\Biking\v_Biking_g07_c04.avi,Biking,7,4,gallery
C:\VU\4th_Year\Independence Term 1\GenerativeAI\MIDTERM\Midterm_GenAI\data\UCF-101\Biking\v_Biking_g07_c05.avi,Biking,7,5,gallery
C:\VU\4th_Year\Independence Term 1\GenerativeAI\MIDTERM\Midterm_GenAI\data\UCF-101\Biking\v_Biking_g07_c06.avi,Biking,7,6,gallery
C:\VU\4th_Year\Independence Term 1\GenerativeAI\MIDTERM\Midterm_GenAI\data\UCF-101\Biking\v_Biking_g08_c01.avi,Biking,8,1,gallery
C:\VU\4th_Year\Independence Term 1\GenerativeAI\MIDTERM\Midterm_GenAI\data\UCF-101\Biking\v_Biking_g08_c02.avi,Biking,8,2,gallery
C:\VU\4th_Year\Independence Term 1\GenerativeAI\MIDTERM\Midterm_GenAI\data\UCF-101\Billiards\v_Billiards_g01_c01.avi,Billiards,1,1,query
C:\VU\4th_Year\Independence Term 1\GenerativeAI\MIDTERM\Midterm_GenAI\data\UCF-101\Billiards\v_Billiards_g01_c02.avi,Billiards,1,2,query
C:\VU\4th_Year\Independence Term 1\GenerativeAI\MIDTERM\Midterm_GenAI\data\UCF-101\Billiards\v_Billiards_g01_c03.avi,Billiards,1,3,query
C:\VU\4th_Year\Independence Term 1\GenerativeAI\MIDTERM\Midterm_GenAI\data\UCF-101\Billiards\v_Billiards_g01_c04.avi,Billiards,1,4,query
C:\VU\4th_Year\Independence Term 1\GenerativeAI\MIDTERM\Midterm_GenAI\data\UCF-101\Billiards\v_Billiards_g01_c05.avi,Billiards,1,5,query
C:\VU\4th_Year\Independence Term 1\GenerativeAI\MIDTERM\Midterm_GenAI\data\UCF-101\Billiards\v_Billiards_g01_c06.avi,Billiards,1,6,query
C:\VU\4th_Year\Independence Term 1\GenerativeAI\MIDTERM\Midterm_GenAI\data\UCF-101\Billiards\v_Billiards_g02_c01.avi,Billiards,2,1,gallery
C:\VU\4th_Year\Independence Term 1\GenerativeAI\MIDTERM\Midterm_GenAI\data\UCF-101\Billiards\v_Billiards_g02_c02.avi,Billiards,2,2,gallery
C:\VU\4th_Year\Independence Term 1\GenerativeAI\MIDTERM\Midterm_GenAI\data\UCF-101\Billiards\v_Billiards_g02_c03.avi,Billiards,2,3,gallery
C:\VU\4th_Year\Independence Term 1\GenerativeAI\MIDTERM\Midterm_GenAI\data\UCF-101\Billiards\v_Billiards_g02_c04.avi,Billiards,2,4,gallery
C:\VU\4th_Year\Independence Term 1\GenerativeAI\MIDTERM\Midterm_GenAI\data\UCF-101\Billiards\v_Billiards_g02_c05.avi,Billiards,2,5,gallery
C:\VU\4th_Year\Independence Term 1\GenerativeAI\MIDTERM\Midterm_GenAI\data\UCF-101\Billiards\v_Billiards_g02_c06.avi,Billiards,2,6,gallery
C:\VU\4th_Year\Independence Term 1\GenerativeAI\MIDTERM\Midterm_GenAI\data\UCF-101\Billiards\v_Billiards_g02_c07.avi,Billiards,2,7,gallery
C:\VU\4th_Year\Independence Term 1\GenerativeAI\MIDTERM\Midterm_GenAI\data\UCF-101\Billiards\v_Billiards_g03_c01.avi,Billiards,3,1,gallery
C:\VU\4th_Year\Independence Term 1\GenerativeAI\MIDTERM\Midterm_GenAI\data\UCF-101\Billiards\v_Billiards_g03_c02.avi,Billiards,3,2,gallery
C:\VU\4th_Year\Independence Term 1\GenerativeAI\MIDTERM\Midterm_GenAI\data\UCF-101\Billiards\v_Billiards_g03_c03.avi,Billiards,3,3,gallery
C:\VU\4th_Year\Independence Term 1\GenerativeAI\MIDTERM\Midterm_GenAI\data\UCF-101\Billiards\v_Billiards_g03_c04.avi,Billiards,3,4,gallery
C:\VU\4th_Year\Independence Term 1\GenerativeAI\MIDTERM\Midterm_GenAI\data\UCF-101\Billiards\v_Billiards_g03_c05.avi,Billiards,3,5,gallery
C:\VU\4th_Year\Independence Term 1\GenerativeAI\MIDTERM\Midterm_GenAI\data\UCF-101\Billiards\v_Billiards_g04_c01.avi,Billiards,4,1,gallery
C:\VU\4th_Year\Independence Term 1\GenerativeAI\MIDTERM\Midterm_GenAI\data\UCF-101\Billiards\v_Billiards_g04_c02.avi,Billiards,4,2,gallery
C:\VU\4th_Year\Independence Term 1\GenerativeAI\MIDTERM\Midterm_GenAI\data\UCF-101\Billiards\v_Billiards_g04_c03.avi,Billiards,4,3,gallery
C:\VU\4th_Year\Independence Term 1\GenerativeAI\MIDTERM\Midterm_GenAI\data\UCF-101\Billiards\v_Billiards_g04_c04.avi,Billiards,4,4,gallery
C:\VU\4th_Year\Independence Term 1\GenerativeAI\MIDTERM\Midterm_GenAI\data\UCF-101\Billiards\v_Billiards_g04_c05.avi,Billiards,4,5,gallery
C:\VU\4th_Year\Independence Term 1\GenerativeAI\MIDTERM\Midterm_GenAI\data\UCF-101\Billiards\v_Billiards_g04_c06.avi,Billiards,4,6,gallery
C:\VU\4th_Year\Independence Term 1\GenerativeAI\MIDTERM\Midterm_GenAI\data\UCF-101\Billiards\v_Billiards_g04_c07.avi,Billiards,4,7,gallery
C:\VU\4th_Year\Independence Term 1\GenerativeAI\MIDTERM\Midterm_GenAI\data\UCF-101\Billiards\v_Billiards_g05_c01.avi,Billiards,5,1,gallery
C:\VU\4th_Year\Independence Term 1\GenerativeAI\MIDTERM\Midterm_GenAI\data\UCF-101\Billiards\v_Billiards_g05_c02.avi,Billiards,5,2,gallery
C:\VU\4th_Year\Independence Term 1\GenerativeAI\MIDTERM\Midterm_GenAI\data\UCF-101\Billiards\v_Billiards_g05_c03.avi,Billiards,5,3,gallery
C:\VU\4th_Year\Independence Term 1\GenerativeAI\MIDTERM\Midterm_GenAI\data\UCF-101\Billiards\v_Billiards_g05_c04.avi,Billiards,5,4,gallery
C:\VU\4th_Year\Independence Term 1\GenerativeAI\MIDTERM\Midterm_GenAI\data\UCF-101\Billiards\v_Billiards_g05_c05.avi,Billiards,5,5,gallery
C:\VU\4th_Year\Independence Term 1\GenerativeAI\MIDTERM\Midterm_GenAI\data\UCF-101\Billiards\v_Billiards_g05_c06.avi,Billiards,5,6,gallery
C:\VU\4th_Year\Independence Term 1\GenerativeAI\MIDTERM\Midterm_GenAI\data\UCF-101\Billiards\v_Billiards_g06_c01.avi,Billiards,6,1,query
C:\VU\4th_Year\Independence Term 1\GenerativeAI\MIDTERM\Midterm_GenAI\data\UCF-101\Billiards\v_Billiards_g06_c02.avi,Billiards,6,2,query
C:\VU\4th_Year\Independence Term 1\GenerativeAI\MIDTERM\Midterm_GenAI\data\UCF-101\Billiards\v_Billiards_g06_c03.avi,Billiards,6,3,query
C:\VU\4th_Year\Independence Term 1\GenerativeAI\MIDTERM\Midterm_GenAI\data\UCF-101\Billiards\v_Billiards_g06_c04.avi,Billiards,6,4,query
C:\VU\4th_Year\Independence Term 1\GenerativeAI\MIDTERM\Midterm_GenAI\data\UCF-101\Billiards\v_Billiards_g06_c05.avi,Billiards,6,5,query
C:\VU\4th_Year\Independence Term 1\GenerativeAI\MIDTERM\Midterm_GenAI\data\UCF-101\Billiards\v_Billiards_g07_c01.avi,Billiards,7,1,gallery
C:\VU\4th_Year\Independence Term 1\GenerativeAI\MIDTERM\Midterm_GenAI\data\UCF-101\Billiards\v_Billiards_g07_c02.avi,Billiards,7,2,gallery
C:\VU\4th_Year\Independence Term 1\GenerativeAI\MIDTERM\Midterm_GenAI\data\UCF-101\Billiards\v_Billiards_g07_c03.avi,Billiards,7,3,gallery
C:\VU\4th_Year\Independence Term 1\GenerativeAI\MIDTERM\Midterm_GenAI\data\UCF-101\Billiards\v_Billiards_g07_c04.avi,Billiards,7,4,gallery
C:\VU\4th_Year\Independence Term 1\GenerativeAI\MIDTERM\Midterm_GenAI\data\UCF-101\BlowDryHair\v_BlowDryHair_g01_c01.avi,BlowDryHair,1,1,query
C:\VU\4th_Year\Independence Term 1\GenerativeAI\MIDTERM\Midterm_GenAI\data\UCF-101\BlowDryHair\v_BlowDryHair_g01_c02.avi,BlowDryHair,1,2,query
C:\VU\4th_Year\Independence Term 1\GenerativeAI\MIDTERM\Midterm_GenAI\data\UCF-101\BlowDryHair\v_BlowDryHair_g01_c03.avi,BlowDryHair,1,3,query
C:\VU\4th_Year\Independence Term 1\GenerativeAI\MIDTERM\Midterm_GenAI\data\UCF-101\BlowDryHair\v_BlowDryHair_g01_c04.avi,BlowDryHair,1,4,query
C:\VU\4th_Year\Independence Term 1\GenerativeAI\MIDTERM\Midterm_GenAI\data\UCF-101\BlowDryHair\v_BlowDryHair_g02_c01.avi,BlowDryHair,2,1,gallery
C:\VU\4th_Year\Independence Term 1\GenerativeAI\MIDTERM\Midterm_GenAI\data\UCF-101\BlowDryHair\v_BlowDryHair_g02_c02.avi,BlowDryHair,2,2,gallery
C:\VU\4th_Year\Independence Term 1\GenerativeAI\MIDTERM\Midterm_GenAI\data\UCF-101\BlowDryHair\v_BlowDryHair_g02_c03.avi,BlowDryHair,2,3,gallery
C:\VU\4th_Year\Independence Term 1\GenerativeAI\MIDTERM\Midterm_GenAI\data\UCF-101\BlowDryHair\v_BlowDryHair_g02_c04.avi,BlowDryHair,2,4,gallery
C:\VU\4th_Year\Independence Term 1\GenerativeAI\MIDTERM\Midterm_GenAI\data\UCF-101\BlowDryHair\v_BlowDryHair_g02_c05.avi,BlowDryHair,2,5,gallery
C:\VU\4th_Year\Independence Term 1\GenerativeAI\MIDTERM\Midterm_GenAI\data\UCF-101\BlowDryHair\v_BlowDryHair_g03_c01.avi,BlowDryHair,3,1,query
C:\VU\4th_Year\Independence Term 1\GenerativeAI\MIDTERM\Midterm_GenAI\data\UCF-101\BlowDryHair\v_BlowDryHair_g03_c02.avi,BlowDryHair,3,2,query
C:\VU\4th_Year\Independence Term 1\GenerativeAI\MIDTERM\Midterm_GenAI\data\UCF-101\BlowDryHair\v_BlowDryHair_g03_c03.avi,BlowDryHair,3,3,query
C:\VU\4th_Year\Independence Term 1\GenerativeAI\MIDTERM\Midterm_GenAI\data\UCF-101\BlowDryHair\v_BlowDryHair_g03_c04.avi,BlowDryHair,3,4,query
C:\VU\4th_Year\Independence Term 1\GenerativeAI\MIDTERM\Midterm_GenAI\data\UCF-101\BlowDryHair\v_BlowDryHair_g03_c05.avi,BlowDryHair,3,5,query
C:\VU\4th_Year\Independence Term 1\GenerativeAI\MIDTERM\Midterm_GenAI\data\UCF-101\BlowDryHair\v_BlowDryHair_g04_c01.avi,BlowDryHair,4,1,gallery
C:\VU\4th_Year\Independence Term 1\GenerativeAI\MIDTERM\Midterm_GenAI\data\UCF-101\BlowDryHair\v_BlowDryHair_g04_c02.avi,BlowDryHair,4,2,gallery
C:\VU\4th_Year\Independence Term 1\GenerativeAI\MIDTERM\Midterm_GenAI\data\UCF-101\BlowDryHair\v_BlowDryHair_g04_c03.avi,BlowDryHair,4,3,gallery
C:\VU\4th_Year\Independence Term 1\GenerativeAI\MIDTERM\Midterm_GenAI\data\UCF-101\BlowDryHair\v_BlowDryHair_g04_c04.avi,BlowDryHair,4,4,gallery
C:\VU\4th_Year\Independence Term 1\GenerativeAI\MIDTERM\Midterm_GenAI\data\UCF-101\BlowDryHair\v_BlowDryHair_g04_c05.avi,BlowDryHair,4,5,gallery
C:\VU\4th_Year\Independence Term 1\GenerativeAI\MIDTERM\Midterm_GenAI\data\UCF-101\BlowDryHair\v_BlowDryHair_g05_c01.avi,BlowDryHair,5,1,gallery
C:\VU\4th_Year\Independence Term 1\GenerativeAI\MIDTERM\Midterm_GenAI\data\UCF-101\BlowDryHair\v_BlowDryHair_g05_c02.avi,BlowDryHair,5,2,gallery
C:\VU\4th_Year\Independence Term 1\GenerativeAI\MIDTERM\Midterm_GenAI\data\UCF-101\BlowDryHair\v_BlowDryHair_g05_c03.avi,BlowDryHair,5,3,gallery
C:\VU\4th_Year\Independence Term 1\GenerativeAI\MIDTERM\Midterm_GenAI\data\UCF-101\BlowDryHair\v_BlowDryHair_g05_c04.avi,BlowDryHair,5,4,gallery
C:\VU\4th_Year\Independence Term 1\GenerativeAI\MIDTERM\Midterm_GenAI\data\UCF-101\BlowDryHair\v_BlowDryHair_g05_c05.avi,BlowDryHair,5,5,gallery
C:\VU\4th_Year\Independence Term 1\GenerativeAI\MIDTERM\Midterm_GenAI\data\UCF-101\BlowDryHair\v_BlowDryHair_g06_c01.avi,BlowDryHair,6,1,gallery
C:\VU\4th_Year\Independence Term 1\GenerativeAI\MIDTERM\Midterm_GenAI\data\UCF-101\BlowDryHair\v_BlowDryHair_g06_c02.avi,BlowDryHair,6,2,gallery
C:\VU\4th_Year\Independence Term 1\GenerativeAI\MIDTERM\Midterm_GenAI\data\UCF-101\BlowDryHair\v_BlowDryHair_g06_c03.avi,BlowDryHair,6,3,gallery
C:\VU\4th_Year\Independence Term 1\GenerativeAI\MIDTERM\Midterm_GenAI\data\UCF-101\BlowDryHair\v_BlowDryHair_g06_c04.avi,BlowDryHair,6,4,gallery
C:\VU\4th_Year\Independence Term 1\GenerativeAI\MIDTERM\Midterm_GenAI\data\UCF-101\BlowDryHair\v_BlowDryHair_g06_c05.avi,BlowDryHair,6,5,gallery
C:\VU\4th_Year\Independence Term 1\GenerativeAI\MIDTERM\Midterm_GenAI\data\UCF-101\BlowDryHair\v_BlowDryHair_g06_c06.avi,BlowDryHair,6,6,gallery
C:\VU\4th_Year\Independence Term 1\GenerativeAI\MIDTERM\Midterm_GenAI\data\UCF-101\BlowDryHair\v_BlowDryHair_g06_c07.avi,BlowDryHair,6,7,gallery
C:\VU\4th_Year\Independence Term 1\GenerativeAI\MIDTERM\Midterm_GenAI\data\UCF-101\BlowDryHair\v_BlowDryHair_g07_c01.avi,BlowDryHair,7,1,gallery
C:\VU\4th_Year\Independence Term 1\GenerativeAI\MIDTERM\Midterm_GenAI\data\UCF-101\BlowDryHair\v_BlowDryHair_g07_c02.avi,BlowDryHair,7,2,gallery
C:\VU\4th_Year\Independence Term 1\GenerativeAI\MIDTERM\Midterm_GenAI\data\UCF-101\BlowDryHair\v_BlowDryHair_g07_c03.avi,BlowDryHair,7,3,gallery
C:\VU\4th_Year\Independence Term 1\GenerativeAI\MIDTERM\Midterm_GenAI\data\UCF-101\BlowDryHair\v_BlowDryHair_g07_c04.avi,BlowDryHair,7,4,gallery
C:\VU\4th_Year\Independence Term 1\GenerativeAI\MIDTERM\Midterm_GenAI\data\UCF-101\BlowDryHair\v_BlowDryHair_g07_c05.avi,BlowDryHair,7,5,gallery
C:\VU\4th_Year\Independence Term 1\GenerativeAI\MIDTERM\Midterm_GenAI\data\UCF-101\BlowDryHair\v_BlowDryHair_g07_c06.avi,BlowDryHair,7,6,gallery
C:\VU\4th_Year\Independence Term 1\GenerativeAI\MIDTERM\Midterm_GenAI\data\UCF-101\BlowDryHair\v_BlowDryHair_g07_c07.avi,BlowDryHair,7,7,gallery
C:\VU\4th_Year\Independence Term 1\GenerativeAI\MIDTERM\Midterm_GenAI\data\UCF-101\BlowDryHair\v_BlowDryHair_g08_c01.avi,BlowDryHair,8,1,gallery
C:\VU\4th_Year\Independence Term 1\GenerativeAI\MIDTERM\Midterm_GenAI\data\UCF-101\BlowDryHair\v_BlowDryHair_g08_c02.avi,BlowDryHair,8,2,gallery
C:\VU\4th_Year\Independence Term 1\GenerativeAI\MIDTERM\Midterm_GenAI\data\UCF-101\BlowingCandles\v_BlowingCandles_g01_c01.avi,BlowingCandles,1,1,gallery
C:\VU\4th_Year\Independence Term 1\GenerativeAI\MIDTERM\Midterm_GenAI\data\UCF-101\BlowingCandles\v_BlowingCandles_g01_c02.avi,BlowingCandles,1,2,gallery
C:\VU\4th_Year\Independence Term 1\GenerativeAI\MIDTERM\Midterm_GenAI\data\UCF-101\BlowingCandles\v_BlowingCandles_g01_c03.avi,BlowingCandles,1,3,gallery
C:\VU\4th_Year\Independence Term 1\GenerativeAI\MIDTERM\Midterm_GenAI\data\UCF-101\BlowingCandles\v_BlowingCandles_g01_c04.avi,BlowingCandles,1,4,gallery
C:\VU\4th_Year\Independence Term 1\GenerativeAI\MIDTERM\Midterm_GenAI\data\UCF-101\BlowingCandles\v_BlowingCandles_g02_c01.avi,BlowingCandles,2,1,gallery
C:\VU\4th_Year\Independence Term 1\GenerativeAI\MIDTERM\Midterm_GenAI\data\UCF-101\BlowingCandles\v_BlowingCandles_g02_c02.avi,BlowingCandles,2,2,gallery
C:\VU\4th_Year\Independence Term 1\GenerativeAI\MIDTERM\Midterm_GenAI\data\UCF-101\BlowingCandles\v_BlowingCandles_g02_c03.avi,BlowingCandles,2,3,gallery
C:\VU\4th_Year\Independence Term 1\GenerativeAI\MIDTERM\Midterm_GenAI\data\UCF-101\BlowingCandles\v_BlowingCandles_g02_c04.avi,BlowingCandles,2,4,gallery
C:\VU\4th_Year\Independence Term 1\GenerativeAI\MIDTERM\Midterm_GenAI\data\UCF-101\BlowingCandles\v_BlowingCandles_g03_c01.avi,BlowingCandles,3,1,gallery
C:\VU\4th_Year\Independence Term 1\GenerativeAI\MIDTERM\Midterm_GenAI\data\UCF-101\BlowingCandles\v_BlowingCandles_g03_c02.avi,BlowingCandles,3,2,gallery
C:\VU\4th_Year\Independence Term 1\GenerativeAI\MIDTERM\Midterm_GenAI\data\UCF-101\BlowingCandles\v_BlowingCandles_g03_c03.avi,BlowingCandles,3,3,gallery
C:\VU\4th_Year\Independence Term 1\GenerativeAI\MIDTERM\Midterm_GenAI\data\UCF-101\BlowingCandles\v_BlowingCandles_g03_c04.avi,BlowingCandles,3,4,gallery
C:\VU\4th_Year\Independence Term 1\GenerativeAI\MIDTERM\Midterm_GenAI\data\UCF-101\BlowingCandles\v_BlowingCandles_g04_c01.avi,BlowingCandles,4,1,query
C:\VU\4th_Year\Independence Term 1\GenerativeAI\MIDTERM\Midterm_GenAI\data\UCF-101\BlowingCandles\v_BlowingCandles_g04_c02.avi,BlowingCandles,4,2,query
C:\VU\4th_Year\Independence Term 1\GenerativeAI\MIDTERM\Midterm_GenAI\data\UCF-101\BlowingCandles\v_BlowingCandles_g04_c03.avi,BlowingCandles,4,3,query
C:\VU\4th_Year\Independence Term 1\GenerativeAI\MIDTERM\Midterm_GenAI\data\UCF-101\BlowingCandles\v_BlowingCandles_g04_c04.avi,BlowingCandles,4,4,query
C:\VU\4th_Year\Independence Term 1\GenerativeAI\MIDTERM\Midterm_GenAI\data\UCF-101\BlowingCandles\v_BlowingCandles_g04_c05.avi,BlowingCandles,4,5,query
C:\VU\4th_Year\Independence Term 1\GenerativeAI\MIDTERM\Midterm_GenAI\data\UCF-101\BlowingCandles\v_BlowingCandles_g05_c01.avi,BlowingCandles,5,1,gallery
C:\VU\4th_Year\Independence Term 1\GenerativeAI\MIDTERM\Midterm_GenAI\data\UCF-101\BlowingCandles\v_BlowingCandles_g05_c02.avi,BlowingCandles,5,2,gallery
C:\VU\4th_Year\Independence Term 1\GenerativeAI\MIDTERM\Midterm_GenAI\data\UCF-101\BlowingCandles\v_BlowingCandles_g05_c03.avi,BlowingCandles,5,3,gallery
C:\VU\4th_Year\Independence Term 1\GenerativeAI\MIDTERM\Midterm_GenAI\data\UCF-101\BlowingCandles\v_BlowingCandles_g05_c04.avi,BlowingCandles,5,4,gallery
C:\VU\4th_Year\Independence Term 1\GenerativeAI\MIDTERM\Midterm_GenAI\data\UCF-101\BlowingCandles\v_BlowingCandles_g05_c05.avi,BlowingCandles,5,5,gallery
C:\VU\4th_Year\Independence Term 1\GenerativeAI\MIDTERM\Midterm_GenAI\data\UCF-101\BlowingCandles\v_BlowingCandles_g06_c01.avi,BlowingCandles,6,1,gallery
C:\VU\4th_Year\Independence Term 1\GenerativeAI\MIDTERM\Midterm_GenAI\data\UCF-101\BlowingCandles\v_BlowingCandles_g06_c02.avi,BlowingCandles,6,2,gallery
C:\VU\4th_Year\Independence Term 1\GenerativeAI\MIDTERM\Midterm_GenAI\data\UCF-101\BlowingCandles\v_BlowingCandles_g06_c03.avi,BlowingCandles,6,3,gallery
C:\VU\4th_Year\Independence Term 1\GenerativeAI\MIDTERM\Midterm_GenAI\data\UCF-101\BlowingCandles\v_BlowingCandles_g06_c04.avi,BlowingCandles,6,4,gallery
C:\VU\4th_Year\Independence Term 1\GenerativeAI\MIDTERM\Midterm_GenAI\data\UCF-101\BlowingCandles\v_BlowingCandles_g06_c05.avi,BlowingCandles,6,5,gallery
C:\VU\4th_Year\Independence Term 1\GenerativeAI\MIDTERM\Midterm_GenAI\data\UCF-101\BlowingCandles\v_BlowingCandles_g06_c06.avi,BlowingCandles,6,6,gallery
C:\VU\4th_Year\Independence Term 1\GenerativeAI\MIDTERM\Midterm_GenAI\data\UCF-101\BlowingCandles\v_BlowingCandles_g06_c07.avi,BlowingCandles,6,7,gallery
C:\VU\4th_Year\Independence Term 1\GenerativeAI\MIDTERM\Midterm_GenAI\data\UCF-101\BlowingCandles\v_BlowingCandles_g07_c01.avi,BlowingCandles,7,1,gallery
C:\VU\4th_Year\Independence Term 1\GenerativeAI\MIDTERM\Midterm_GenAI\data\UCF-101\BlowingCandles\v_BlowingCandles_g07_c02.avi,BlowingCandles,7,2,gallery
C:\VU\4th_Year\Independence Term 1\GenerativeAI\MIDTERM\Midterm_GenAI\data\UCF-101\BlowingCandles\v_BlowingCandles_g07_c03.avi,BlowingCandles,7,3,gallery
C:\VU\4th_Year\Independence Term 1\GenerativeAI\MIDTERM\Midterm_GenAI\data\UCF-101\BlowingCandles\v_BlowingCandles_g07_c04.avi,BlowingCandles,7,4,gallery
C:\VU\4th_Year\Independence Term 1\GenerativeAI\MIDTERM\Midterm_GenAI\data\UCF-101\BlowingCandles\v_BlowingCandles_g08_c01.avi,BlowingCandles,8,1,gallery
C:\VU\4th_Year\Independence Term 1\GenerativeAI\MIDTERM\Midterm_GenAI\data\UCF-101\BlowingCandles\v_BlowingCandles_g08_c02.avi,BlowingCandles,8,2,gallery
C:\VU\4th_Year\Independence Term 1\GenerativeAI\MIDTERM\Midterm_GenAI\data\UCF-101\BlowingCandles\v_BlowingCandles_g08_c03.avi,BlowingCandles,8,3,gallery
C:\VU\4th_Year\Independence Term 1\GenerativeAI\MIDTERM\Midterm_GenAI\data\UCF-101\BlowingCandles\v_BlowingCandles_g08_c04.avi,BlowingCandles,8,4,gallery
C:\VU\4th_Year\Independence Term 1\GenerativeAI\MIDTERM\Midterm_GenAI\data\UCF-101\BlowingCandles\v_BlowingCandles_g09_c01.avi,BlowingCandles,9,1,query
C:\VU\4th_Year\Independence Term 1\GenerativeAI\MIDTERM\Midterm_GenAI\data\UCF-101\BlowingCandles\v_BlowingCandles_g09_c02.avi,BlowingCandles,9,2,query
C:\VU\4th_Year\Independence Term 1\GenerativeAI\MIDTERM\Midterm_GenAI\data\UCF-101\BlowingCandles\v_BlowingCandles_g09_c03.avi,BlowingCandles,9,3,query
C:\VU\4th_Year\Independence Term 1\GenerativeAI\MIDTERM\Midterm_GenAI\data\UCF-101\BodyWeightSquats\v_BodyWeightSquats_g01_c01.avi,BodyWeightSquats,1,1,query
C:\VU\4th_Year\Independence Term 1\GenerativeAI\MIDTERM\Midterm_GenAI\data\UCF-101\BodyWeightSquats\v_BodyWeightSquats_g01_c02.avi,BodyWeightSquats,1,2,query
C:\VU\4th_Year\Independence Term 1\GenerativeAI\MIDTERM\Midterm_GenAI\data\UCF-101\BodyWeightSquats\v_BodyWeightSquats_g01_c03.avi,BodyWeightSquats,1,3,query
C:\VU\4th_Year\Independence Term 1\GenerativeAI\MIDTERM\Midterm_GenAI\data\UCF-101\BodyWeightSquats\v_BodyWeightSquats_g01_c04.avi,BodyWeightSquats,1,4,query
C:\VU\4th_Year\Independence Term 1\GenerativeAI\MIDTERM\Midterm_GenAI\data\UCF-101\BodyWeightSquats\v_BodyWeightSquats_g02_c01.avi,BodyWeightSquats,2,1,query
C:\VU\4th_Year\Independence Term 1\GenerativeAI\MIDTERM\Midterm_GenAI\data\UCF-101\BodyWeightSquats\v_BodyWeightSquats_g02_c02.avi,BodyWeightSquats,2,2,query
C:\VU\4th_Year\Independence Term 1\GenerativeAI\MIDTERM\Midterm_GenAI\data\UCF-101\BodyWeightSquats\v_BodyWeightSquats_g02_c03.avi,BodyWeightSquats,2,3,query
C:\VU\4th_Year\Independence Term 1\GenerativeAI\MIDTERM\Midterm_GenAI\data\UCF-101\BodyWeightSquats\v_BodyWeightSquats_g02_c04.avi,BodyWeightSquats,2,4,query
C:\VU\4th_Year\Independence Term 1\GenerativeAI\MIDTERM\Midterm_GenAI\data\UCF-101\BodyWeightSquats\v_BodyWeightSquats_g03_c01.avi,BodyWeightSquats,3,1,gallery
C:\VU\4th_Year\Independence Term 1\GenerativeAI\MIDTERM\Midterm_GenAI\data\UCF-101\BodyWeightSquats\v_BodyWeightSquats_g03_c02.avi,BodyWeightSquats,3,2,gallery
C:\VU\4th_Year\Independence Term 1\GenerativeAI\MIDTERM\Midterm_GenAI\data\UCF-101\BodyWeightSquats\v_BodyWeightSquats_g03_c03.avi,BodyWeightSquats,3,3,gallery
C:\VU\4th_Year\Independence Term 1\GenerativeAI\MIDTERM\Midterm_GenAI\data\UCF-101\BodyWeightSquats\v_BodyWeightSquats_g03_c04.avi,BodyWeightSquats,3,4,gallery
C:\VU\4th_Year\Independence Term 1\GenerativeAI\MIDTERM\Midterm_GenAI\data\UCF-101\BodyWeightSquats\v_BodyWeightSquats_g03_c05.avi,BodyWeightSquats,3,5,gallery
C:\VU\4th_Year\Independence Term 1\GenerativeAI\MIDTERM\Midterm_GenAI\data\UCF-101\BodyWeightSquats\v_BodyWeightSquats_g04_c01.avi,BodyWeightSquats,4,1,gallery
C:\VU\4th_Year\Independence Term 1\GenerativeAI\MIDTERM\Midterm_GenAI\data\UCF-101\BodyWeightSquats\v_BodyWeightSquats_g04_c02.avi,BodyWeightSquats,4,2,gallery
C:\VU\4th_Year\Independence Term 1\GenerativeAI\MIDTERM\Midterm_GenAI\data\UCF-101\BodyWeightSquats\v_BodyWeightSquats_g04_c03.avi,BodyWeightSquats,4,3,gallery
C:\VU\4th_Year\Independence Term 1\GenerativeAI\MIDTERM\Midterm_GenAI\data\UCF-101\BodyWeightSquats\v_BodyWeightSquats_g04_c04.avi,BodyWeightSquats,4,4,gallery
C:\VU\4th_Year\Independence Term 1\GenerativeAI\MIDTERM\Midterm_GenAI\data\UCF-101\BodyWeightSquats\v_BodyWeightSquats_g05_c01.avi,BodyWeightSquats,5,1,gallery
C:\VU\4th_Year\Independence Term 1\GenerativeAI\MIDTERM\Midterm_GenAI\data\UCF-101\BodyWeightSquats\v_BodyWeightSquats_g05_c02.avi,BodyWeightSquats,5,2,gallery
C:\VU\4th_Year\Independence Term 1\GenerativeAI\MIDTERM\Midterm_GenAI\data\UCF-101\BodyWeightSquats\v_BodyWeightSquats_g05_c03.avi,BodyWeightSquats,5,3,gallery
C:\VU\4th_Year\Independence Term 1\GenerativeAI\MIDTERM\Midterm_GenAI\data\UCF-101\BodyWeightSquats\v_BodyWeightSquats_g05_c04.avi,BodyWeightSquats,5,4,gallery
C:\VU\4th_Year\Independence Term 1\GenerativeAI\MIDTERM\Midterm_GenAI\data\UCF-101\BodyWeightSquats\v_BodyWeightSquats_g06_c01.avi,BodyWeightSquats,6,1,gallery
C:\VU\4th_Year\Independence Term 1\GenerativeAI\MIDTERM\Midterm_GenAI\data\UCF-101\BodyWeightSquats\v_BodyWeightSquats_g06_c02.avi,BodyWeightSquats,6,2,gallery
C:\VU\4th_Year\Independence Term 1\GenerativeAI\MIDTERM\Midterm_GenAI\data\UCF-101\BodyWeightSquats\v_BodyWeightSquats_g06_c03.avi,BodyWeightSquats,6,3,gallery
C:\VU\4th_Year\Independence Term 1\GenerativeAI\MIDTERM\Midterm_GenAI\data\UCF-101\BodyWeightSquats\v_BodyWeightSquats_g06_c04.avi,BodyWeightSquats,6,4,gallery
C:\VU\4th_Year\Independence Term 1\GenerativeAI\MIDTERM\Midterm_GenAI\data\UCF-101\BodyWeightSquats\v_BodyWeightSquats_g06_c05.avi,BodyWeightSquats,6,5,gallery
C:\VU\4th_Year\Independence Term 1\GenerativeAI\MIDTERM\Midterm_GenAI\data\UCF-101\BodyWeightSquats\v_BodyWeightSquats_g07_c01.avi,BodyWeightSquats,7,1,gallery
C:\VU\4th_Year\Independence Term 1\GenerativeAI\MIDTERM\Midterm_GenAI\data\UCF-101\BodyWeightSquats\v_BodyWeightSquats_g07_c02.avi,BodyWeightSquats,7,2,gallery
C:\VU\4th_Year\Independence Term 1\GenerativeAI\MIDTERM\Midterm_GenAI\data\UCF-101\BodyWeightSquats\v_BodyWeightSquats_g07_c03.avi,BodyWeightSquats,7,3,gallery
C:\VU\4th_Year\Independence Term 1\GenerativeAI\MIDTERM\Midterm_GenAI\data\UCF-101\BodyWeightSquats\v_BodyWeightSquats_g07_c04.avi,BodyWeightSquats,7,4,gallery
C:\VU\4th_Year\Independence Term 1\GenerativeAI\MIDTERM\Midterm_GenAI\data\UCF-101\BodyWeightSquats\v_BodyWeightSquats_g08_c01.avi,BodyWeightSquats,8,1,gallery
C:\VU\4th_Year\Independence Term 1\GenerativeAI\MIDTERM\Midterm_GenAI\data\UCF-101\BodyWeightSquats\v_BodyWeightSquats_g08_c02.avi,BodyWeightSquats,8,2,gallery
C:\VU\4th_Year\Independence Term 1\GenerativeAI\MIDTERM\Midterm_GenAI\data\UCF-101\BodyWeightSquats\v_BodyWeightSquats_g08_c03.avi,BodyWeightSquats,8,3,gallery
C:\VU\4th_Year\Independence Term 1\GenerativeAI\MIDTERM\Midterm_GenAI\data\UCF-101\BodyWeightSquats\v_BodyWeightSquats_g08_c04.avi,BodyWeightSquats,8,4,gallery
C:\VU\4th_Year\Independence Term 1\GenerativeAI\MIDTERM\Midterm_GenAI\data\UCF-101\BodyWeightSquats\v_BodyWeightSquats_g09_c01.avi,BodyWeightSquats,9,1,gallery
C:\VU\4th_Year\Independence Term 1\GenerativeAI\MIDTERM\Midterm_GenAI\data\UCF-101\BodyWeightSquats\v_BodyWeightSquats_g09_c02.avi,BodyWeightSquats,9,2,gallery
C:\VU\4th_Year\Independence Term 1\GenerativeAI\MIDTERM\Midterm_GenAI\data\UCF-101\BodyWeightSquats\v_BodyWeightSquats_g09_c03.avi,BodyWeightSquats,9,3,gallery
C:\VU\4th_Year\Independence Term 1\GenerativeAI\MIDTERM\Midterm_GenAI\data\UCF-101\BodyWeightSquats\v_BodyWeightSquats_g09_c04.avi,BodyWeightSquats,9,4,gallery
C:\VU\4th_Year\Independence Term 1\GenerativeAI\MIDTERM\Midterm_GenAI\data\UCF-101\BodyWeightSquats\v_BodyWeightSquats_g09_c05.avi,BodyWeightSquats,9,5,gallery
C:\VU\4th_Year\Independence Term 1\GenerativeAI\MIDTERM\Midterm_GenAI\data\UCF-101\BodyWeightSquats\v_BodyWeightSquats_g09_c06.avi,BodyWeightSquats,9,6,gallery
C:\VU\4th_Year\Independence Term 1\GenerativeAI\MIDTERM\Midterm_GenAI\data\UCF-101\Bowling\v_Bowling_g01_c01.avi,Bowling,1,1,gallery
C:\VU\4th_Year\Independence Term 1\GenerativeAI\MIDTERM\Midterm_GenAI\data\UCF-101\Bowling\v_Bowling_g01_c02.avi,Bowling,1,2,gallery
C:\VU\4th_Year\Independence Term 1\GenerativeAI\MIDTERM\Midterm_GenAI\data\UCF-101\Bowling\v_Bowling_g01_c03.avi,Bowling,1,3,gallery
C:\VU\4th_Year\Independence Term 1\GenerativeAI\MIDTERM\Midterm_GenAI\data\UCF-101\Bowling\v_Bowling_g01_c04.avi,Bowling,1,4,gallery
C:\VU\4th_Year\Independence Term 1\GenerativeAI\MIDTERM\Midterm_GenAI\data\UCF-101\Bowling\v_Bowling_g01_c05.avi,Bowling,1,5,gallery
C:\VU\4th_Year\Independence Term 1\GenerativeAI\MIDTERM\Midterm_GenAI\data\UCF-101\Bowling\v_Bowling_g01_c06.avi,Bowling,1,6,gallery
C:\VU\4th_Year\Independence Term 1\GenerativeAI\MIDTERM\Midterm_GenAI\data\UCF-101\Bowling\v_Bowling_g01_c07.avi,Bowling,1,7,gallery
C:\VU\4th_Year\Independence Term 1\GenerativeAI\MIDTERM\Midterm_GenAI\data\UCF-101\Bowling\v_Bowling_g02_c01.avi,Bowling,2,1,gallery
C:\VU\4th_Year\Independence Term 1\GenerativeAI\MIDTERM\Midterm_GenAI\data\UCF-101\Bowling\v_Bowling_g02_c02.avi,Bowling,2,2,gallery
C:\VU\4th_Year\Independence Term 1\GenerativeAI\MIDTERM\Midterm_GenAI\data\UCF-101\Bowling\v_Bowling_g02_c03.avi,Bowling,2,3,gallery
C:\VU\4th_Year\Independence Term 1\GenerativeAI\MIDTERM\Midterm_GenAI\data\UCF-101\Bowling\v_Bowling_g02_c04.avi,Bowling,2,4,gallery
C:\VU\4th_Year\Independence Term 1\GenerativeAI\MIDTERM\Midterm_GenAI\data\UCF-101\Bowling\v_Bowling_g03_c01.avi,Bowling,3,1,gallery
C:\VU\4th_Year\Independence Term 1\GenerativeAI\MIDTERM\Midterm_GenAI\data\UCF-101\Bowling\v_Bowling_g03_c02.avi,Bowling,3,2,gallery
C:\VU\4th_Year\Independence Term 1\GenerativeAI\MIDTERM\Midterm_GenAI\data\UCF-101\Bowling\v_Bowling_g03_c03.avi,Bowling,3,3,gallery
C:\VU\4th_Year\Independence Term 1\GenerativeAI\MIDTERM\Midterm_GenAI\data\UCF-101\Bowling\v_Bowling_g03_c04.avi,Bowling,3,4,gallery
C:\VU\4th_Year\Independence Term 1\GenerativeAI\MIDTERM\Midterm_GenAI\data\UCF-101\Bowling\v_Bowling_g03_c05.avi,Bowling,3,5,gallery
C:\VU\4th_Year\Independence Term 1\GenerativeAI\MIDTERM\Midterm_GenAI\data\UCF-101\Bowling\v_Bowling_g03_c06.avi,Bowling,3,6,gallery
C:\VU\4th_Year\Independence Term 1\GenerativeAI\MIDTERM\Midterm_GenAI\data\UCF-101\Bowling\v_Bowling_g03_c07.avi,Bowling,3,7,gallery
C:\VU\4th_Year\Independence Term 1\GenerativeAI\MIDTERM\Midterm_GenAI\data\UCF-101\Bowling\v_Bowling_g04_c01.avi,Bowling,4,1,query
C:\VU\4th_Year\Independence Term 1\GenerativeAI\MIDTERM\Midterm_GenAI\data\UCF-101\Bowling\v_Bowling_g04_c02.avi,Bowling,4,2,query
C:\VU\4th_Year\Independence Term 1\GenerativeAI\MIDTERM\Midterm_GenAI\data\UCF-101\Bowling\v_Bowling_g04_c03.avi,Bowling,4,3,query
C:\VU\4th_Year\Independence Term 1\GenerativeAI\MIDTERM\Midterm_GenAI\data\UCF-101\Bowling\v_Bowling_g04_c04.avi,Bowling,4,4,query
C:\VU\4th_Year\Independence Term 1\GenerativeAI\MIDTERM\Midterm_GenAI\data\UCF-101\Bowling\v_Bowling_g05_c01.avi,Bowling,5,1,query
C:\VU\4th_Year\Independence Term 1\GenerativeAI\MIDTERM\Midterm_GenAI\data\UCF-101\Bowling\v_Bowling_g05_c02.avi,Bowling,5,2,query
C:\VU\4th_Year\Independence Term 1\GenerativeAI\MIDTERM\Midterm_GenAI\data\UCF-101\Bowling\v_Bowling_g05_c03.avi,Bowling,5,3,query
C:\VU\4th_Year\Independence Term 1\GenerativeAI\MIDTERM\Midterm_GenAI\data\UCF-101\Bowling\v_Bowling_g05_c04.avi,Bowling,5,4,query
C:\VU\4th_Year\Independence Term 1\GenerativeAI\MIDTERM\Midterm_GenAI\data\UCF-101\Bowling\v_Bowling_g05_c05.avi,Bowling,5,5,query
C:\VU\4th_Year\Independence Term 1\GenerativeAI\MIDTERM\Midterm_GenAI\data\UCF-101\Bowling\v_Bowling_g05_c06.avi,Bowling,5,6,query
C:\VU\4th_Year\Independence Term 1\GenerativeAI\MIDTERM\Midterm_GenAI\data\UCF-101\Bowling\v_Bowling_g05_c07.avi,Bowling,5,7,query
C:\VU\4th_Year\Independence Term 1\GenerativeAI\MIDTERM\Midterm_GenAI\data\UCF-101\Bowling\v_Bowling_g06_c01.avi,Bowling,6,1,gallery
C:\VU\4th_Year\Independence Term 1\GenerativeAI\MIDTERM\Midterm_GenAI\data\UCF-101\Bowling\v_Bowling_g06_c02.avi,Bowling,6,2,gallery
C:\VU\4th_Year\Independence Term 1\GenerativeAI\MIDTERM\Midterm_GenAI\data\UCF-101\Bowling\v_Bowling_g06_c03.avi,Bowling,6,3,gallery
C:\VU\4th_Year\Independence Term 1\GenerativeAI\MIDTERM\Midterm_GenAI\data\UCF-101\Bowling\v_Bowling_g06_c04.avi,Bowling,6,4,gallery
C:\VU\4th_Year\Independence Term 1\GenerativeAI\MIDTERM\Midterm_GenAI\data\UCF-101\Bowling\v_Bowling_g06_c05.avi,Bowling,6,5,gallery
C:\VU\4th_Year\Independence Term 1\GenerativeAI\MIDTERM\Midterm_GenAI\data\UCF-101\Bowling\v_Bowling_g06_c06.avi,Bowling,6,6,gallery
C:\VU\4th_Year\Independence Term 1\GenerativeAI\MIDTERM\Midterm_GenAI\data\UCF-101\Bowling\v_Bowling_g06_c07.avi,Bowling,6,7,gallery
C:\VU\4th_Year\Independence Term 1\GenerativeAI\MIDTERM\Midterm_GenAI\data\UCF-101\Bowling\v_Bowling_g07_c01.avi,Bowling,7,1,gallery
C:\VU\4th_Year\Independence Term 1\GenerativeAI\MIDTERM\Midterm_GenAI\data\UCF-101\Bowling\v_Bowling_g07_c02.avi,Bowling,7,2,gallery
C:\VU\4th_Year\Independence Term 1\GenerativeAI\MIDTERM\Midterm_GenAI\data\UCF-101\Bowling\v_Bowling_g07_c03.avi,Bowling,7,3,gallery
C:\VU\4th_Year\Independence Term 1\GenerativeAI\MIDTERM\Midterm_GenAI\data\UCF-101\Bowling\v_Bowling_g07_c04.avi,Bowling,7,4,gallery
C:\VU\4th_Year\Independence Term 1\GenerativeAI\MIDTERM\Midterm_GenAI\data\UCF-101\BoxingPunchingBag\v_BoxingPunchingBag_g01_c01.avi,BoxingPunchingBag,1,1,gallery
C:\VU\4th_Year\Independence Term 1\GenerativeAI\MIDTERM\Midterm_GenAI\data\UCF-101\BoxingPunchingBag\v_BoxingPunchingBag_g01_c02.avi,BoxingPunchingBag,1,2,gallery
C:\VU\4th_Year\Independence Term 1\GenerativeAI\MIDTERM\Midterm_GenAI\data\UCF-101\BoxingPunchingBag\v_BoxingPunchingBag_g01_c03.avi,BoxingPunchingBag,1,3,gallery
C:\VU\4th_Year\Independence Term 1\GenerativeAI\MIDTERM\Midterm_GenAI\data\UCF-101\BoxingPunchingBag\v_BoxingPunchingBag_g01_c04.avi,BoxingPunchingBag,1,4,gallery
C:\VU\4th_Year\Independence Term 1\GenerativeAI\MIDTERM\Midterm_GenAI\data\UCF-101\BoxingPunchingBag\v_BoxingPunchingBag_g01_c05.avi,BoxingPunchingBag,1,5,gallery
C:\VU\4th_Year\Independence Term 1\GenerativeAI\MIDTERM\Midterm_GenAI\data\UCF-101\BoxingPunchingBag\v_BoxingPunchingBag_g01_c06.avi,BoxingPunchingBag,1,6,gallery
C:\VU\4th_Year\Independence Term 1\GenerativeAI\MIDTERM\Midterm_GenAI\data\UCF-101\BoxingPunchingBag\v_BoxingPunchingBag_g01_c07.avi,BoxingPunchingBag,1,7,gallery
C:\VU\4th_Year\Independence Term 1\GenerativeAI\MIDTERM\Midterm_GenAI\data\UCF-101\BoxingPunchingBag\v_BoxingPunchingBag_g02_c01.avi,BoxingPunchingBag,2,1,query
C:\VU\4th_Year\Independence Term 1\GenerativeAI\MIDTERM\Midterm_GenAI\data\UCF-101\BoxingPunchingBag\v_BoxingPunchingBag_g02_c02.avi,BoxingPunchingBag,2,2,query
C:\VU\4th_Year\Independence Term 1\GenerativeAI\MIDTERM\Midterm_GenAI\data\UCF-101\BoxingPunchingBag\v_BoxingPunchingBag_g02_c03.avi,BoxingPunchingBag,2,3,query
C:\VU\4th_Year\Independence Term 1\GenerativeAI\MIDTERM\Midterm_GenAI\data\UCF-101\BoxingPunchingBag\v_BoxingPunchingBag_g02_c04.avi,BoxingPunchingBag,2,4,query
C:\VU\4th_Year\Independence Term 1\GenerativeAI\MIDTERM\Midterm_GenAI\data\UCF-101\BoxingPunchingBag\v_BoxingPunchingBag_g02_c05.avi,BoxingPunchingBag,2,5,query
C:\VU\4th_Year\Independence Term 1\GenerativeAI\MIDTERM\Midterm_GenAI\data\UCF-101\BoxingPunchingBag\v_BoxingPunchingBag_g02_c06.avi,BoxingPunchingBag,2,6,query
C:\VU\4th_Year\Independence Term 1\GenerativeAI\MIDTERM\Midterm_GenAI\data\UCF-101\BoxingPunchingBag\v_BoxingPunchingBag_g02_c07.avi,BoxingPunchingBag,2,7,query
C:\VU\4th_Year\Independence Term 1\GenerativeAI\MIDTERM\Midterm_GenAI\data\UCF-101\BoxingPunchingBag\v_BoxingPunchingBag_g03_c01.avi,BoxingPunchingBag,3,1,gallery
C:\VU\4th_Year\Independence Term 1\GenerativeAI\MIDTERM\Midterm_GenAI\data\UCF-101\BoxingPunchingBag\v_BoxingPunchingBag_g03_c02.avi,BoxingPunchingBag,3,2,gallery
C:\VU\4th_Year\Independence Term 1\GenerativeAI\MIDTERM\Midterm_GenAI\data\UCF-101\BoxingPunchingBag\v_BoxingPunchingBag_g03_c03.avi,BoxingPunchingBag,3,3,gallery
C:\VU\4th_Year\Independence Term 1\GenerativeAI\MIDTERM\Midterm_GenAI\data\UCF-101\BoxingPunchingBag\v_BoxingPunchingBag_g03_c04.avi,BoxingPunchingBag,3,4,gallery
C:\VU\4th_Year\Independence Term 1\GenerativeAI\MIDTERM\Midterm_GenAI\data\UCF-101\BoxingPunchingBag\v_BoxingPunchingBag_g03_c05.avi,BoxingPunchingBag,3,5,gallery
C:\VU\4th_Year\Independence Term 1\GenerativeAI\MIDTERM\Midterm_GenAI\data\UCF-101\BoxingPunchingBag\v_BoxingPunchingBag_g03_c06.avi,BoxingPunchingBag,3,6,gallery
C:\VU\4th_Year\Independence Term 1\GenerativeAI\MIDTERM\Midterm_GenAI\data\UCF-101\BoxingPunchingBag\v_BoxingPunchingBag_g03_c07.avi,BoxingPunchingBag,3,7,gallery
C:\VU\4th_Year\Independence Term 1\GenerativeAI\MIDTERM\Midterm_GenAI\data\UCF-101\BoxingPunchingBag\v_BoxingPunchingBag_g04_c01.avi,BoxingPunchingBag,4,1,query
C:\VU\4th_Year\Independence Term 1\GenerativeAI\MIDTERM\Midterm_GenAI\data\UCF-101\BoxingPunchingBag\v_BoxingPunchingBag_g04_c02.avi,BoxingPunchingBag,4,2,query
C:\VU\4th_Year\Independence Term 1\GenerativeAI\MIDTERM\Midterm_GenAI\data\UCF-101\BoxingPunchingBag\v_BoxingPunchingBag_g04_c03.avi,BoxingPunchingBag,4,3,query
C:\VU\4th_Year\Independence Term 1\GenerativeAI\MIDTERM\Midterm_GenAI\data\UCF-101\BoxingPunchingBag\v_BoxingPunchingBag_g04_c04.avi,BoxingPunchingBag,4,4,query
C:\VU\4th_Year\Independence Term 1\GenerativeAI\MIDTERM\Midterm_GenAI\data\UCF-101\BoxingPunchingBag\v_BoxingPunchingBag_g04_c05.avi,BoxingPunchingBag,4,5,query
C:\VU\4th_Year\Independence Term 1\GenerativeAI\MIDTERM\Midterm_GenAI\data\UCF-101\BoxingPunchingBag\v_BoxingPunchingBag_g04_c06.avi,BoxingPunchingBag,4,6,query
C:\VU\4th_Year\Independence Term 1\GenerativeAI\MIDTERM\Midterm_GenAI\data\UCF-101\BoxingPunchingBag\v_BoxingPunchingBag_g04_c07.avi,BoxingPunchingBag,4,7,query
C:\VU\4th_Year\Independence Term 1\GenerativeAI\MIDTERM\Midterm_GenAI\data\UCF-101\BoxingPunchingBag\v_BoxingPunchingBag_g05_c01.avi,BoxingPunchingBag,5,1,gallery
C:\VU\4th_Year\Independence Term 1\GenerativeAI\MIDTERM\Midterm_GenAI\data\UCF-101\BoxingPunchingBag\v_BoxingPunchingBag_g05_c02.avi,BoxingPunchingBag,5,2,gallery
C:\VU\4th_Year\Independence Term 1\GenerativeAI\MIDTERM\Midterm_GenAI\data\UCF-101\BoxingPunchingBag\v_BoxingPunchingBag_g05_c03.avi,BoxingPunchingBag,5,3,gallery
C:\VU\4th_Year\Independence Term 1\GenerativeAI\MIDTERM\Midterm_GenAI\data\UCF-101\BoxingPunchingBag\v_BoxingPunchingBag_g05_c04.avi,BoxingPunchingBag,5,4,gallery
C:\VU\4th_Year\Independence Term 1\GenerativeAI\MIDTERM\Midterm_GenAI\data\UCF-101\BoxingPunchingBag\v_BoxingPunchingBag_g05_c05.avi,BoxingPunchingBag,5,5,gallery
C:\VU\4th_Year\Independence Term 1\GenerativeAI\MIDTERM\Midterm_GenAI\data\UCF-101\BoxingPunchingBag\v_BoxingPunchingBag_g05_c06.avi,BoxingPunchingBag,5,6,gallery
C:\VU\4th_Year\Independence Term 1\GenerativeAI\MIDTERM\Midterm_GenAI\data\UCF-101\BoxingPunchingBag\v_BoxingPunchingBag_g05_c07.avi,BoxingPunchingBag,5,7,gallery
C:\VU\4th_Year\Independence Term 1\GenerativeAI\MIDTERM\Midterm_GenAI\data\UCF-101\BoxingPunchingBag\v_BoxingPunchingBag_g06_c01.avi,BoxingPunchingBag,6,1,gallery
C:\VU\4th_Year\Independence Term 1\GenerativeAI\MIDTERM\Midterm_GenAI\data\UCF-101\BoxingPunchingBag\v_BoxingPunchingBag_g06_c02.avi,BoxingPunchingBag,6,2,gallery
C:\VU\4th_Year\Independence Term 1\GenerativeAI\MIDTERM\Midterm_GenAI\data\UCF-101\BoxingPunchingBag\v_BoxingPunchingBag_g06_c03.avi,BoxingPunchingBag,6,3,gallery
C:\VU\4th_Year\Independence Term 1\GenerativeAI\MIDTERM\Midterm_GenAI\data\UCF-101\BoxingPunchingBag\v_BoxingPunchingBag_g06_c04.avi,BoxingPunchingBag,6,4,gallery
C:\VU\4th_Year\Independence Term 1\GenerativeAI\MIDTERM\Midterm_GenAI\data\UCF-101\BoxingPunchingBag\v_BoxingPunchingBag_g06_c05.avi,BoxingPunchingBag,6,5,gallery
C:\VU\4th_Year\Independence Term 1\GenerativeAI\MIDTERM\Midterm_GenAI\data\UCF-101\BoxingSpeedBag\v_BoxingSpeedBag_g01_c01.avi,BoxingSpeedBag,1,1,gallery
C:\VU\4th_Year\Independence Term 1\GenerativeAI\MIDTERM\Midterm_GenAI\data\UCF-101\BoxingSpeedBag\v_BoxingSpeedBag_g01_c02.avi,BoxingSpeedBag,1,2,gallery
C:\VU\4th_Year\Independence Term 1\GenerativeAI\MIDTERM\Midterm_GenAI\data\UCF-101\BoxingSpeedBag\v_BoxingSpeedBag_g01_c03.avi,BoxingSpeedBag,1,3,gallery
C:\VU\4th_Year\Independence Term 1\GenerativeAI\MIDTERM\Midterm_GenAI\data\UCF-101\BoxingSpeedBag\v_BoxingSpeedBag_g01_c04.avi,BoxingSpeedBag,1,4,gallery
C:\VU\4th_Year\Independence Term 1\GenerativeAI\MIDTERM\Midterm_GenAI\data\UCF-101\BoxingSpeedBag\v_BoxingSpeedBag_g02_c01.avi,BoxingSpeedBag,2,1,gallery
C:\VU\4th_Year\Independence Term 1\GenerativeAI\MIDTERM\Midterm_GenAI\data\UCF-101\BoxingSpeedBag\v_BoxingSpeedBag_g02_c02.avi,BoxingSpeedBag,2,2,gallery
C:\VU\4th_Year\Independence Term 1\GenerativeAI\MIDTERM\Midterm_GenAI\data\UCF-101\BoxingSpeedBag\v_BoxingSpeedBag_g02_c03.avi,BoxingSpeedBag,2,3,gallery
C:\VU\4th_Year\Independence Term 1\GenerativeAI\MIDTERM\Midterm_GenAI\data\UCF-101\BoxingSpeedBag\v_BoxingSpeedBag_g02_c04.avi,BoxingSpeedBag,2,4,gallery
C:\VU\4th_Year\Independence Term 1\GenerativeAI\MIDTERM\Midterm_GenAI\data\UCF-101\BoxingSpeedBag\v_BoxingSpeedBag_g03_c01.avi,BoxingSpeedBag,3,1,query
C:\VU\4th_Year\Independence Term 1\GenerativeAI\MIDTERM\Midterm_GenAI\data\UCF-101\BoxingSpeedBag\v_BoxingSpeedBag_g03_c02.avi,BoxingSpeedBag,3,2,query
C:\VU\4th_Year\Independence Term 1\GenerativeAI\MIDTERM\Midterm_GenAI\data\UCF-101\BoxingSpeedBag\v_BoxingSpeedBag_g03_c03.avi,BoxingSpeedBag,3,3,query
C:\VU\4th_Year\Independence Term 1\GenerativeAI\MIDTERM\Midterm_GenAI\data\UCF-101\BoxingSpeedBag\v_BoxingSpeedBag_g03_c04.avi,BoxingSpeedBag,3,4,query
C:\VU\4th_Year\Independence Term 1\GenerativeAI\MIDTERM\Midterm_GenAI\data\UCF-101\BoxingSpeedBag\v_BoxingSpeedBag_g03_c05.avi,BoxingSpeedBag,3,5,query
C:\VU\4th_Year\Independence Term 1\GenerativeAI\MIDTERM\Midterm_GenAI\data\UCF-101\BoxingSpeedBag\v_BoxingSpeedBag_g04_c01.avi,BoxingSpeedBag,4,1,query
C:\VU\4th_Year\Independence Term 1\GenerativeAI\MIDTERM\Midterm_GenAI\data\UCF-101\BoxingSpeedBag\v_BoxingSpeedBag_g04_c02.avi,BoxingSpeedBag,4,2,query
C:\VU\4th_Year\Independence Term 1\GenerativeAI\MIDTERM\Midterm_GenAI\data\UCF-101\BoxingSpeedBag\v_BoxingSpeedBag_g04_c03.avi,BoxingSpeedBag,4,3,query
C:\VU\4th_Year\Independence Term 1\GenerativeAI\MIDTERM\Midterm_GenAI\data\UCF-101\BoxingSpeedBag\v_BoxingSpeedBag_g04_c04.avi,BoxingSpeedBag,4,4,query
C:\VU\4th_Year\Independence Term 1\GenerativeAI\MIDTERM\Midterm_GenAI\data\UCF-101\BoxingSpeedBag\v_BoxingSpeedBag_g04_c05.avi,BoxingSpeedBag,4,5,query
C:\VU\4th_Year\Independence Term 1\GenerativeAI\MIDTERM\Midterm_GenAI\data\UCF-101\BoxingSpeedBag\v_BoxingSpeedBag_g04_c06.avi,BoxingSpeedBag,4,6,query
C:\VU\4th_Year\Independence Term 1\GenerativeAI\MIDTERM\Midterm_GenAI\data\UCF-101\BoxingSpeedBag\v_BoxingSpeedBag_g04_c07.avi,BoxingSpeedBag,4,7,query
C:\VU\4th_Year\Independence Term 1\GenerativeAI\MIDTERM\Midterm_GenAI\data\UCF-101\BoxingSpeedBag\v_BoxingSpeedBag_g05_c01.avi,BoxingSpeedBag,5,1,gallery
C:\VU\4th_Year\Independence Term 1\GenerativeAI\MIDTERM\Midterm_GenAI\data\UCF-101\BoxingSpeedBag\v_BoxingSpeedBag_g05_c02.avi,BoxingSpeedBag,5,2,gallery
C:\VU\4th_Year\Independence Term 1\GenerativeAI\MIDTERM\Midterm_GenAI\data\UCF-101\BoxingSpeedBag\v_BoxingSpeedBag_g05_c03.avi,BoxingSpeedBag,5,3,gallery
C:\VU\4th_Year\Independence Term 1\GenerativeAI\MIDTERM\Midterm_GenAI\data\UCF-101\BoxingSpeedBag\v_BoxingSpeedBag_g05_c04.avi,BoxingSpeedBag,5,4,gallery
C:\VU\4th_Year\Independence Term 1\GenerativeAI\MIDTERM\Midterm_GenAI\data\UCF-101\BoxingSpeedBag\v_BoxingSpeedBag_g05_c05.avi,BoxingSpeedBag,5,5,gallery
C:\VU\4th_Year\Independence Term 1\GenerativeAI\MIDTERM\Midterm_GenAI\data\UCF-101\BoxingSpeedBag\v_BoxingSpeedBag_g06_c01.avi,BoxingSpeedBag,6,1,gallery
C:\VU\4th_Year\Independence Term 1\GenerativeAI\MIDTERM\Midterm_GenAI\data\UCF-101\BoxingSpeedBag\v_BoxingSpeedBag_g06_c02.avi,BoxingSpeedBag,6,2,gallery
C:\VU\4th_Year\Independence Term 1\GenerativeAI\MIDTERM\Midterm_GenAI\data\UCF-101\BoxingSpeedBag\v_BoxingSpeedBag_g06_c03.avi,BoxingSpeedBag,6,3,gallery
C:\VU\4th_Year\Independence Term 1\GenerativeAI\MIDTERM\Midterm_GenAI\data\UCF-101\BoxingSpeedBag\v_BoxingSpeedBag_g06_c04.avi,BoxingSpeedBag,6,4,gallery
C:\VU\4th_Year\Independence Term 1\GenerativeAI\MIDTERM\Midterm_GenAI\data\UCF-101\BoxingSpeedBag\v_BoxingSpeedBag_g06_c05.avi,BoxingSpeedBag,6,5,gallery
C:\VU\4th_Year\Independence Term 1\GenerativeAI\MIDTERM\Midterm_GenAI\data\UCF-101\BoxingSpeedBag\v_BoxingSpeedBag_g07_c01.avi,BoxingSpeedBag,7,1,gallery
C:\VU\4th_Year\Independence Term 1\GenerativeAI\MIDTERM\Midterm_GenAI\data\UCF-101\BoxingSpeedBag\v_BoxingSpeedBag_g07_c02.avi,BoxingSpeedBag,7,2,gallery
C:\VU\4th_Year\Independence Term 1\GenerativeAI\MIDTERM\Midterm_GenAI\data\UCF-101\BoxingSpeedBag\v_BoxingSpeedBag_g07_c03.avi,BoxingSpeedBag,7,3,gallery
C:\VU\4th_Year\Independence Term 1\GenerativeAI\MIDTERM\Midterm_GenAI\data\UCF-101\BoxingSpeedBag\v_BoxingSpeedBag_g07_c04.avi,BoxingSpeedBag,7,4,gallery
C:\VU\4th_Year\Independence Term 1\GenerativeAI\MIDTERM\Midterm_GenAI\data\UCF-101\BoxingSpeedBag\v_BoxingSpeedBag_g07_c05.avi,BoxingSpeedBag,7,5,gallery
C:\VU\4th_Year\Independence Term 1\GenerativeAI\MIDTERM\Midterm_GenAI\data\UCF-101\BoxingSpeedBag\v_BoxingSpeedBag_g07_c06.avi,BoxingSpeedBag,7,6,gallery
C:\VU\4th_Year\Independence Term 1\GenerativeAI\MIDTERM\Midterm_GenAI\data\UCF-101\BoxingSpeedBag\v_BoxingSpeedBag_g07_c07.avi,BoxingSpeedBag,7,7,gallery
C:\VU\4th_Year\Independence Term 1\GenerativeAI\MIDTERM\Midterm_GenAI\data\UCF-101\BoxingSpeedBag\v_BoxingSpeedBag_g08_c01.avi,BoxingSpeedBag,8,1,gallery
C:\VU\4th_Year\Independence Term 1\GenerativeAI\MIDTERM\Midterm_GenAI\data\UCF-101\BoxingSpeedBag\v_BoxingSpeedBag_g08_c02.avi,BoxingSpeedBag,8,2,gallery
C:\VU\4th_Year\Independence Term 1\GenerativeAI\MIDTERM\Midterm_GenAI\data\UCF-101\BoxingSpeedBag\v_BoxingSpeedBag_g08_c03.avi,BoxingSpeedBag,8,3,gallery
C:\VU\4th_Year\Independence Term 1\GenerativeAI\MIDTERM\Midterm_GenAI\data\UCF-101\BreastStroke\v_BreastStroke_g01_c01.avi,BreastStroke,1,1,gallery
C:\VU\4th_Year\Independence Term 1\GenerativeAI\MIDTERM\Midterm_GenAI\data\UCF-101\BreastStroke\v_BreastStroke_g01_c02.avi,BreastStroke,1,2,gallery
C:\VU\4th_Year\Independence Term 1\GenerativeAI\MIDTERM\Midterm_GenAI\data\UCF-101\BreastStroke\v_BreastStroke_g01_c03.avi,BreastStroke,1,3,gallery
C:\VU\4th_Year\Independence Term 1\GenerativeAI\MIDTERM\Midterm_GenAI\data\UCF-101\BreastStroke\v_BreastStroke_g01_c04.avi,BreastStroke,1,4,gallery
C:\VU\4th_Year\Independence Term 1\GenerativeAI\MIDTERM\Midterm_GenAI\data\UCF-101\BreastStroke\v_BreastStroke_g02_c01.avi,BreastStroke,2,1,gallery
C:\VU\4th_Year\Independence Term 1\GenerativeAI\MIDTERM\Midterm_GenAI\data\UCF-101\BreastStroke\v_BreastStroke_g02_c02.avi,BreastStroke,2,2,gallery
C:\VU\4th_Year\Independence Term 1\GenerativeAI\MIDTERM\Midterm_GenAI\data\UCF-101\BreastStroke\v_BreastStroke_g02_c03.avi,BreastStroke,2,3,gallery
C:\VU\4th_Year\Independence Term 1\GenerativeAI\MIDTERM\Midterm_GenAI\data\UCF-101\BreastStroke\v_BreastStroke_g02_c04.avi,BreastStroke,2,4,gallery
C:\VU\4th_Year\Independence Term 1\GenerativeAI\MIDTERM\Midterm_GenAI\data\UCF-101\BreastStroke\v_BreastStroke_g03_c01.avi,BreastStroke,3,1,gallery
C:\VU\4th_Year\Independence Term 1\GenerativeAI\MIDTERM\Midterm_GenAI\data\UCF-101\BreastStroke\v_BreastStroke_g03_c02.avi,BreastStroke,3,2,gallery
C:\VU\4th_Year\Independence Term 1\GenerativeAI\MIDTERM\Midterm_GenAI\data\UCF-101\BreastStroke\v_BreastStroke_g03_c03.avi,BreastStroke,3,3,gallery
C:\VU\4th_Year\Independence Term 1\GenerativeAI\MIDTERM\Midterm_GenAI\data\UCF-101\BreastStroke\v_BreastStroke_g03_c04.avi,BreastStroke,3,4,gallery
C:\VU\4th_Year\Independence Term 1\GenerativeAI\MIDTERM\Midterm_GenAI\data\UCF-101\BreastStroke\v_BreastStroke_g04_c01.avi,BreastStroke,4,1,gallery
C:\VU\4th_Year\Independence Term 1\GenerativeAI\MIDTERM\Midterm_GenAI\data\UCF-101\BreastStroke\v_BreastStroke_g04_c02.avi,BreastStroke,4,2,gallery
C:\VU\4th_Year\Independence Term 1\GenerativeAI\MIDTERM\Midterm_GenAI\data\UCF-101\BreastStroke\v_BreastStroke_g04_c03.avi,BreastStroke,4,3,gallery
C:\VU\4th_Year\Independence Term 1\GenerativeAI\MIDTERM\Midterm_GenAI\data\UCF-101\BreastStroke\v_BreastStroke_g04_c04.avi,BreastStroke,4,4,gallery
C:\VU\4th_Year\Independence Term 1\GenerativeAI\MIDTERM\Midterm_GenAI\data\UCF-101\BreastStroke\v_BreastStroke_g05_c01.avi,BreastStroke,5,1,gallery
C:\VU\4th_Year\Independence Term 1\GenerativeAI\MIDTERM\Midterm_GenAI\data\UCF-101\BreastStroke\v_BreastStroke_g05_c02.avi,BreastStroke,5,2,gallery
C:\VU\4th_Year\Independence Term 1\GenerativeAI\MIDTERM\Midterm_GenAI\data\UCF-101\BreastStroke\v_BreastStroke_g05_c03.avi,BreastStroke,5,3,gallery
C:\VU\4th_Year\Independence Term 1\GenerativeAI\MIDTERM\Midterm_GenAI\data\UCF-101\BreastStroke\v_BreastStroke_g05_c04.avi,BreastStroke,5,4,gallery
C:\VU\4th_Year\Independence Term 1\GenerativeAI\MIDTERM\Midterm_GenAI\data\UCF-101\BreastStroke\v_BreastStroke_g06_c01.avi,BreastStroke,6,1,gallery
C:\VU\4th_Year\Independence Term 1\GenerativeAI\MIDTERM\Midterm_GenAI\data\UCF-101\BreastStroke\v_BreastStroke_g06_c02.avi,BreastStroke,6,2,gallery
C:\VU\4th_Year\Independence Term 1\GenerativeAI\MIDTERM\Midterm_GenAI\data\UCF-101\BreastStroke\v_BreastStroke_g06_c03.avi,BreastStroke,6,3,gallery
C:\VU\4th_Year\Independence Term 1\GenerativeAI\MIDTERM\Midterm_GenAI\data\UCF-101\BreastStroke\v_BreastStroke_g06_c04.avi,BreastStroke,6,4,gallery
C:\VU\4th_Year\Independence Term 1\GenerativeAI\MIDTERM\Midterm_GenAI\data\UCF-101\BreastStroke\v_BreastStroke_g07_c01.avi,BreastStroke,7,1,gallery
C:\VU\4th_Year\Independence Term 1\GenerativeAI\MIDTERM\Midterm_GenAI\data\UCF-101\BreastStroke\v_BreastStroke_g07_c02.avi,BreastStroke,7,2,gallery
C:\VU\4th_Year\Independence Term 1\GenerativeAI\MIDTERM\Midterm_GenAI\data\UCF-101\BreastStroke\v_BreastStroke_g07_c03.avi,BreastStroke,7,3,gallery
C:\VU\4th_Year\Independence Term 1\GenerativeAI\MIDTERM\Midterm_GenAI\data\UCF-101\BreastStroke\v_BreastStroke_g07_c04.avi,BreastStroke,7,4,gallery
C:\VU\4th_Year\Independence Term 1\GenerativeAI\MIDTERM\Midterm_GenAI\data\UCF-101\BreastStroke\v_BreastStroke_g08_c01.avi,BreastStroke,8,1,query
C:\VU\4th_Year\Independence Term 1\GenerativeAI\MIDTERM\Midterm_GenAI\data\UCF-101\BreastStroke\v_BreastStroke_g08_c02.avi,BreastStroke,8,2,query
C:\VU\4th_Year\Independence Term 1\GenerativeAI\MIDTERM\Midterm_GenAI\data\UCF-101\BreastStroke\v_BreastStroke_g08_c03.avi,BreastStroke,8,3,query
C:\VU\4th_Year\Independence Term 1\GenerativeAI\MIDTERM\Midterm_GenAI\data\UCF-101\BreastStroke\v_BreastStroke_g08_c04.avi,BreastStroke,8,4,query
C:\VU\4th_Year\Independence Term 1\GenerativeAI\MIDTERM\Midterm_GenAI\data\UCF-101\BreastStroke\v_BreastStroke_g09_c01.avi,BreastStroke,9,1,gallery
C:\VU\4th_Year\Independence Term 1\GenerativeAI\MIDTERM\Midterm_GenAI\data\UCF-101\BreastStroke\v_BreastStroke_g09_c02.avi,BreastStroke,9,2,gallery
C:\VU\4th_Year\Independence Term 1\GenerativeAI\MIDTERM\Midterm_GenAI\data\UCF-101\BreastStroke\v_BreastStroke_g09_c03.avi,BreastStroke,9,3,gallery
C:\VU\4th_Year\Independence Term 1\GenerativeAI\MIDTERM\Midterm_GenAI\data\UCF-101\BreastStroke\v_BreastStroke_g09_c04.avi,BreastStroke,9,4,gallery
C:\VU\4th_Year\Independence Term 1\GenerativeAI\MIDTERM\Midterm_GenAI\data\UCF-101\BreastStroke\v_BreastStroke_g10_c01.avi,BreastStroke,10,1,query
C:\VU\4th_Year\Independence Term 1\GenerativeAI\MIDTERM\Midterm_GenAI\data\UCF-101\BreastStroke\v_BreastStroke_g10_c02.avi,BreastStroke,10,2,query
C:\VU\4th_Year\Independence Term 1\GenerativeAI\MIDTERM\Midterm_GenAI\data\UCF-101\BreastStroke\v_BreastStroke_g10_c03.avi,BreastStroke,10,3,query
C:\VU\4th_Year\Independence Term 1\GenerativeAI\MIDTERM\Midterm_GenAI\data\UCF-101\BreastStroke\v_BreastStroke_g10_c04.avi,BreastStroke,10,4,query
C:\VU\4th_Year\Independence Term 1\GenerativeAI\MIDTERM\Midterm_GenAI\data\UCF-101\BrushingTeeth\v_BrushingTeeth_g01_c01.avi,BrushingTeeth,1,1,gallery
C:\VU\4th_Year\Independence Term 1\GenerativeAI\MIDTERM\Midterm_GenAI\data\UCF-101\BrushingTeeth\v_BrushingTeeth_g01_c02.avi,BrushingTeeth,1,2,gallery
C:\VU\4th_Year\Independence Term 1\GenerativeAI\MIDTERM\Midterm_GenAI\data\UCF-101\BrushingTeeth\v_BrushingTeeth_g01_c03.avi,BrushingTeeth,1,3,gallery
C:\VU\4th_Year\Independence Term 1\GenerativeAI\MIDTERM\Midterm_GenAI\data\UCF-101\BrushingTeeth\v_BrushingTeeth_g01_c04.avi,BrushingTeeth,1,4,gallery
C:\VU\4th_Year\Independence Term 1\GenerativeAI\MIDTERM\Midterm_GenAI\data\UCF-101\BrushingTeeth\v_BrushingTeeth_g02_c01.avi,BrushingTeeth,2,1,gallery
C:\VU\4th_Year\Independence Term 1\GenerativeAI\MIDTERM\Midterm_GenAI\data\UCF-101\BrushingTeeth\v_BrushingTeeth_g02_c02.avi,BrushingTeeth,2,2,gallery
C:\VU\4th_Year\Independence Term 1\GenerativeAI\MIDTERM\Midterm_GenAI\data\UCF-101\BrushingTeeth\v_BrushingTeeth_g02_c03.avi,BrushingTeeth,2,3,gallery
C:\VU\4th_Year\Independence Term 1\GenerativeAI\MIDTERM\Midterm_GenAI\data\UCF-101\BrushingTeeth\v_BrushingTeeth_g02_c04.avi,BrushingTeeth,2,4,gallery
C:\VU\4th_Year\Independence Term 1\GenerativeAI\MIDTERM\Midterm_GenAI\data\UCF-101\BrushingTeeth\v_BrushingTeeth_g02_c05.avi,BrushingTeeth,2,5,gallery
C:\VU\4th_Year\Independence Term 1\GenerativeAI\MIDTERM\Midterm_GenAI\data\UCF-101\BrushingTeeth\v_BrushingTeeth_g02_c06.avi,BrushingTeeth,2,6,gallery
C:\VU\4th_Year\Independence Term 1\GenerativeAI\MIDTERM\Midterm_GenAI\data\UCF-101\BrushingTeeth\v_BrushingTeeth_g02_c07.avi,BrushingTeeth,2,7,gallery
C:\VU\4th_Year\Independence Term 1\GenerativeAI\MIDTERM\Midterm_GenAI\data\UCF-101\BrushingTeeth\v_BrushingTeeth_g03_c01.avi,BrushingTeeth,3,1,gallery
C:\VU\4th_Year\Independence Term 1\GenerativeAI\MIDTERM\Midterm_GenAI\data\UCF-101\BrushingTeeth\v_BrushingTeeth_g03_c02.avi,BrushingTeeth,3,2,gallery
C:\VU\4th_Year\Independence Term 1\GenerativeAI\MIDTERM\Midterm_GenAI\data\UCF-101\BrushingTeeth\v_BrushingTeeth_g03_c03.avi,BrushingTeeth,3,3,gallery
C:\VU\4th_Year\Independence Term 1\GenerativeAI\MIDTERM\Midterm_GenAI\data\UCF-101\BrushingTeeth\v_BrushingTeeth_g03_c04.avi,BrushingTeeth,3,4,gallery
C:\VU\4th_Year\Independence Term 1\GenerativeAI\MIDTERM\Midterm_GenAI\data\UCF-101\BrushingTeeth\v_BrushingTeeth_g03_c05.avi,BrushingTeeth,3,5,gallery
C:\VU\4th_Year\Independence Term 1\GenerativeAI\MIDTERM\Midterm_GenAI\data\UCF-101\BrushingTeeth\v_BrushingTeeth_g04_c01.avi,BrushingTeeth,4,1,gallery
C:\VU\4th_Year\Independence Term 1\GenerativeAI\MIDTERM\Midterm_GenAI\data\UCF-101\BrushingTeeth\v_BrushingTeeth_g04_c02.avi,BrushingTeeth,4,2,gallery
C:\VU\4th_Year\Independence Term 1\GenerativeAI\MIDTERM\Midterm_GenAI\data\UCF-101\BrushingTeeth\v_BrushingTeeth_g04_c03.avi,BrushingTeeth,4,3,gallery
C:\VU\4th_Year\Independence Term 1\GenerativeAI\MIDTERM\Midterm_GenAI\data\UCF-101\BrushingTeeth\v_BrushingTeeth_g04_c04.avi,BrushingTeeth,4,4,gallery
C:\VU\4th_Year\Independence Term 1\GenerativeAI\MIDTERM\Midterm_GenAI\data\UCF-101\BrushingTeeth\v_BrushingTeeth_g05_c01.avi,BrushingTeeth,5,1,query
C:\VU\4th_Year\Independence Term 1\GenerativeAI\MIDTERM\Midterm_GenAI\data\UCF-101\BrushingTeeth\v_BrushingTeeth_g05_c02.avi,BrushingTeeth,5,2,query
C:\VU\4th_Year\Independence Term 1\GenerativeAI\MIDTERM\Midterm_GenAI\data\UCF-101\BrushingTeeth\v_BrushingTeeth_g05_c03.avi,BrushingTeeth,5,3,query
C:\VU\4th_Year\Independence Term 1\GenerativeAI\MIDTERM\Midterm_GenAI\data\UCF-101\BrushingTeeth\v_BrushingTeeth_g05_c04.avi,BrushingTeeth,5,4,query
C:\VU\4th_Year\Independence Term 1\GenerativeAI\MIDTERM\Midterm_GenAI\data\UCF-101\BrushingTeeth\v_BrushingTeeth_g05_c05.avi,BrushingTeeth,5,5,query
C:\VU\4th_Year\Independence Term 1\GenerativeAI\MIDTERM\Midterm_GenAI\data\UCF-101\BrushingTeeth\v_BrushingTeeth_g06_c01.avi,BrushingTeeth,6,1,gallery
C:\VU\4th_Year\Independence Term 1\GenerativeAI\MIDTERM\Midterm_GenAI\data\UCF-101\BrushingTeeth\v_BrushingTeeth_g06_c02.avi,BrushingTeeth,6,2,gallery
C:\VU\4th_Year\Independence Term 1\GenerativeAI\MIDTERM\Midterm_GenAI\data\UCF-101\BrushingTeeth\v_BrushingTeeth_g06_c03.avi,BrushingTeeth,6,3,gallery
C:\VU\4th_Year\Independence Term 1\GenerativeAI\MIDTERM\Midterm_GenAI\data\UCF-101\BrushingTeeth\v_BrushingTeeth_g06_c04.avi,BrushingTeeth,6,4,gallery
C:\VU\4th_Year\Independence Term 1\GenerativeAI\MIDTERM\Midterm_GenAI\data\UCF-101\BrushingTeeth\v_BrushingTeeth_g06_c05.avi,BrushingTeeth,6,5,gallery
C:\VU\4th_Year\Independence Term 1\GenerativeAI\MIDTERM\Midterm_GenAI\data\UCF-101\BrushingTeeth\v_BrushingTeeth_g07_c01.avi,BrushingTeeth,7,1,gallery
C:\VU\4th_Year\Independence Term 1\GenerativeAI\MIDTERM\Midterm_GenAI\data\UCF-101\BrushingTeeth\v_BrushingTeeth_g07_c02.avi,BrushingTeeth,7,2,gallery
C:\VU\4th_Year\Independence Term 1\GenerativeAI\MIDTERM\Midterm_GenAI\data\UCF-101\BrushingTeeth\v_BrushingTeeth_g07_c03.avi,BrushingTeeth,7,3,gallery
C:\VU\4th_Year\Independence Term 1\GenerativeAI\MIDTERM\Midterm_GenAI\data\UCF-101\BrushingTeeth\v_BrushingTeeth_g07_c04.avi,BrushingTeeth,7,4,gallery
C:\VU\4th_Year\Independence Term 1\GenerativeAI\MIDTERM\Midterm_GenAI\data\UCF-101\BrushingTeeth\v_BrushingTeeth_g07_c05.avi,BrushingTeeth,7,5,gallery
C:\VU\4th_Year\Independence Term 1\GenerativeAI\MIDTERM\Midterm_GenAI\data\UCF-101\BrushingTeeth\v_BrushingTeeth_g07_c06.avi,BrushingTeeth,7,6,gallery
C:\VU\4th_Year\Independence Term 1\GenerativeAI\MIDTERM\Midterm_GenAI\data\UCF-101\BrushingTeeth\v_BrushingTeeth_g08_c01.avi,BrushingTeeth,8,1,query
C:\VU\4th_Year\Independence Term 1\GenerativeAI\MIDTERM\Midterm_GenAI\data\UCF-101\BrushingTeeth\v_BrushingTeeth_g08_c02.avi,BrushingTeeth,8,2,query
C:\VU\4th_Year\Independence Term 1\GenerativeAI\MIDTERM\Midterm_GenAI\data\UCF-101\BrushingTeeth\v_BrushingTeeth_g08_c03.avi,BrushingTeeth,8,3,query
C:\VU\4th_Year\Independence Term 1\GenerativeAI\MIDTERM\Midterm_GenAI\data\UCF-101\BrushingTeeth\v_BrushingTeeth_g08_c04.avi,BrushingTeeth,8,4,query
C:\VU\4th_Year\Independence Term 1\GenerativeAI\MIDTERM\Midterm_GenAI\data\UCF-101\CleanAndJerk\v_CleanAndJerk_g01_c01.avi,CleanAndJerk,1,1,gallery
C:\VU\4th_Year\Independence Term 1\GenerativeAI\MIDTERM\Midterm_GenAI\data\UCF-101\CleanAndJerk\v_CleanAndJerk_g01_c02.avi,CleanAndJerk,1,2,gallery
C:\VU\4th_Year\Independence Term 1\GenerativeAI\MIDTERM\Midterm_GenAI\data\UCF-101\CleanAndJerk\v_CleanAndJerk_g01_c03.avi,CleanAndJerk,1,3,gallery
C:\VU\4th_Year\Independence Term 1\GenerativeAI\MIDTERM\Midterm_GenAI\data\UCF-101\CleanAndJerk\v_CleanAndJerk_g01_c04.avi,CleanAndJerk,1,4,gallery
C:\VU\4th_Year\Independence Term 1\GenerativeAI\MIDTERM\Midterm_GenAI\data\UCF-101\CleanAndJerk\v_CleanAndJerk_g01_c05.avi,CleanAndJerk,1,5,gallery
C:\VU\4th_Year\Independence Term 1\GenerativeAI\MIDTERM\Midterm_GenAI\data\UCF-101\CleanAndJerk\v_CleanAndJerk_g02_c01.avi,CleanAndJerk,2,1,gallery
C:\VU\4th_Year\Independence Term 1\GenerativeAI\MIDTERM\Midterm_GenAI\data\UCF-101\CleanAndJerk\v_CleanAndJerk_g02_c02.avi,CleanAndJerk,2,2,gallery
C:\VU\4th_Year\Independence Term 1\GenerativeAI\MIDTERM\Midterm_GenAI\data\UCF-101\CleanAndJerk\v_CleanAndJerk_g02_c03.avi,CleanAndJerk,2,3,gallery
C:\VU\4th_Year\Independence Term 1\GenerativeAI\MIDTERM\Midterm_GenAI\data\UCF-101\CleanAndJerk\v_CleanAndJerk_g02_c04.avi,CleanAndJerk,2,4,gallery
C:\VU\4th_Year\Independence Term 1\GenerativeAI\MIDTERM\Midterm_GenAI\data\UCF-101\CleanAndJerk\v_CleanAndJerk_g03_c01.avi,CleanAndJerk,3,1,gallery
C:\VU\4th_Year\Independence Term 1\GenerativeAI\MIDTERM\Midterm_GenAI\data\UCF-101\CleanAndJerk\v_CleanAndJerk_g03_c02.avi,CleanAndJerk,3,2,gallery
C:\VU\4th_Year\Independence Term 1\GenerativeAI\MIDTERM\Midterm_GenAI\data\UCF-101\CleanAndJerk\v_CleanAndJerk_g03_c03.avi,CleanAndJerk,3,3,gallery
C:\VU\4th_Year\Independence Term 1\GenerativeAI\MIDTERM\Midterm_GenAI\data\UCF-101\CleanAndJerk\v_CleanAndJerk_g03_c04.avi,CleanAndJerk,3,4,gallery
C:\VU\4th_Year\Independence Term 1\GenerativeAI\MIDTERM\Midterm_GenAI\data\UCF-101\CleanAndJerk\v_CleanAndJerk_g03_c05.avi,CleanAndJerk,3,5,gallery
C:\VU\4th_Year\Independence Term 1\GenerativeAI\MIDTERM\Midterm_GenAI\data\UCF-101\CleanAndJerk\v_CleanAndJerk_g03_c06.avi,CleanAndJerk,3,6,gallery
C:\VU\4th_Year\Independence Term 1\GenerativeAI\MIDTERM\Midterm_GenAI\data\UCF-101\CleanAndJerk\v_CleanAndJerk_g04_c01.avi,CleanAndJerk,4,1,gallery
C:\VU\4th_Year\Independence Term 1\GenerativeAI\MIDTERM\Midterm_GenAI\data\UCF-101\CleanAndJerk\v_CleanAndJerk_g04_c02.avi,CleanAndJerk,4,2,gallery
C:\VU\4th_Year\Independence Term 1\GenerativeAI\MIDTERM\Midterm_GenAI\data\UCF-101\CleanAndJerk\v_CleanAndJerk_g04_c03.avi,CleanAndJerk,4,3,gallery
C:\VU\4th_Year\Independence Term 1\GenerativeAI\MIDTERM\Midterm_GenAI\data\UCF-101\CleanAndJerk\v_CleanAndJerk_g04_c04.avi,CleanAndJerk,4,4,gallery
C:\VU\4th_Year\Independence Term 1\GenerativeAI\MIDTERM\Midterm_GenAI\data\UCF-101\CleanAndJerk\v_CleanAndJerk_g04_c05.avi,CleanAndJerk,4,5,gallery
C:\VU\4th_Year\Independence Term 1\GenerativeAI\MIDTERM\Midterm_GenAI\data\UCF-101\CleanAndJerk\v_CleanAndJerk_g05_c01.avi,CleanAndJerk,5,1,gallery
C:\VU\4th_Year\Independence Term 1\GenerativeAI\MIDTERM\Midterm_GenAI\data\UCF-101\CleanAndJerk\v_CleanAndJerk_g05_c02.avi,CleanAndJerk,5,2,gallery
C:\VU\4th_Year\Independence Term 1\GenerativeAI\MIDTERM\Midterm_GenAI\data\UCF-101\CleanAndJerk\v_CleanAndJerk_g05_c03.avi,CleanAndJerk,5,3,gallery
C:\VU\4th_Year\Independence Term 1\GenerativeAI\MIDTERM\Midterm_GenAI\data\UCF-101\CleanAndJerk\v_CleanAndJerk_g05_c04.avi,CleanAndJerk,5,4,gallery
C:\VU\4th_Year\Independence Term 1\GenerativeAI\MIDTERM\Midterm_GenAI\data\UCF-101\CleanAndJerk\v_CleanAndJerk_g06_c01.avi,CleanAndJerk,6,1,gallery
C:\VU\4th_Year\Independence Term 1\GenerativeAI\MIDTERM\Midterm_GenAI\data\UCF-101\CleanAndJerk\v_CleanAndJerk_g06_c02.avi,CleanAndJerk,6,2,gallery
C:\VU\4th_Year\Independence Term 1\GenerativeAI\MIDTERM\Midterm_GenAI\data\UCF-101\CleanAndJerk\v_CleanAndJerk_g06_c03.avi,CleanAndJerk,6,3,gallery
C:\VU\4th_Year\Independence Term 1\GenerativeAI\MIDTERM\Midterm_GenAI\data\UCF-101\CleanAndJerk\v_CleanAndJerk_g06_c04.avi,CleanAndJerk,6,4,gallery
C:\VU\4th_Year\Independence Term 1\GenerativeAI\MIDTERM\Midterm_GenAI\data\UCF-101\CleanAndJerk\v_CleanAndJerk_g07_c01.avi,CleanAndJerk,7,1,query
C:\VU\4th_Year\Independence Term 1\GenerativeAI\MIDTERM\Midterm_GenAI\data\UCF-101\CleanAndJerk\v_CleanAndJerk_g07_c02.avi,CleanAndJerk,7,2,query
C:\VU\4th_Year\Independence Term 1\GenerativeAI\MIDTERM\Midterm_GenAI\data\UCF-101\CleanAndJerk\v_CleanAndJerk_g07_c03.avi,CleanAndJerk,7,3,query
C:\VU\4th_Year\Independence Term 1\GenerativeAI\MIDTERM\Midterm_GenAI\data\UCF-101\CleanAndJerk\v_CleanAndJerk_g07_c04.avi,CleanAndJerk,7,4,query
C:\VU\4th_Year\Independence Term 1\GenerativeAI\MIDTERM\Midterm_GenAI\data\UCF-101\CleanAndJerk\v_CleanAndJerk_g07_c05.avi,CleanAndJerk,7,5,query
C:\VU\4th_Year\Independence Term 1\GenerativeAI\MIDTERM\Midterm_GenAI\data\UCF-101\CleanAndJerk\v_CleanAndJerk_g08_c01.avi,CleanAndJerk,8,1,gallery
C:\VU\4th_Year\Independence Term 1\GenerativeAI\MIDTERM\Midterm_GenAI\data\UCF-101\CleanAndJerk\v_CleanAndJerk_g08_c02.avi,CleanAndJerk,8,2,gallery
C:\VU\4th_Year\Independence Term 1\GenerativeAI\MIDTERM\Midterm_GenAI\data\UCF-101\CleanAndJerk\v_CleanAndJerk_g08_c03.avi,CleanAndJerk,8,3,gallery
C:\VU\4th_Year\Independence Term 1\GenerativeAI\MIDTERM\Midterm_GenAI\data\UCF-101\CleanAndJerk\v_CleanAndJerk_g08_c04.avi,CleanAndJerk,8,4,gallery
C:\VU\4th_Year\Independence Term 1\GenerativeAI\MIDTERM\Midterm_GenAI\data\UCF-101\CleanAndJerk\v_CleanAndJerk_g09_c01.avi,CleanAndJerk,9,1,query
C:\VU\4th_Year\Independence Term 1\GenerativeAI\MIDTERM\Midterm_GenAI\data\UCF-101\CleanAndJerk\v_CleanAndJerk_g09_c02.avi,CleanAndJerk,9,2,query
C:\VU\4th_Year\Independence Term 1\GenerativeAI\MIDTERM\Midterm_GenAI\data\UCF-101\CleanAndJerk\v_CleanAndJerk_g09_c03.avi,CleanAndJerk,9,3,query
C:\VU\4th_Year\Independence Term 1\GenerativeAI\MIDTERM\Midterm_GenAI\data\UCF-101\CliffDiving\v_CliffDiving_g01_c01.avi,CliffDiving,1,1,gallery
C:\VU\4th_Year\Independence Term 1\GenerativeAI\MIDTERM\Midterm_GenAI\data\UCF-101\CliffDiving\v_CliffDiving_g01_c02.avi,CliffDiving,1,2,gallery
C:\VU\4th_Year\Independence Term 1\GenerativeAI\MIDTERM\Midterm_GenAI\data\UCF-101\CliffDiving\v_CliffDiving_g01_c03.avi,CliffDiving,1,3,gallery
C:\VU\4th_Year\Independence Term 1\GenerativeAI\MIDTERM\Midterm_GenAI\data\UCF-101\CliffDiving\v_CliffDiving_g01_c04.avi,CliffDiving,1,4,gallery
C:\VU\4th_Year\Independence Term 1\GenerativeAI\MIDTERM\Midterm_GenAI\data\UCF-101\CliffDiving\v_CliffDiving_g01_c05.avi,CliffDiving,1,5,gallery
C:\VU\4th_Year\Independence Term 1\GenerativeAI\MIDTERM\Midterm_GenAI\data\UCF-101\CliffDiving\v_CliffDiving_g01_c06.avi,CliffDiving,1,6,gallery
C:\VU\4th_Year\Independence Term 1\GenerativeAI\MIDTERM\Midterm_GenAI\data\UCF-101\CliffDiving\v_CliffDiving_g02_c01.avi,CliffDiving,2,1,gallery
C:\VU\4th_Year\Independence Term 1\GenerativeAI\MIDTERM\Midterm_GenAI\data\UCF-101\CliffDiving\v_CliffDiving_g02_c02.avi,CliffDiving,2,2,gallery
C:\VU\4th_Year\Independence Term 1\GenerativeAI\MIDTERM\Midterm_GenAI\data\UCF-101\CliffDiving\v_CliffDiving_g02_c03.avi,CliffDiving,2,3,gallery
C:\VU\4th_Year\Independence Term 1\GenerativeAI\MIDTERM\Midterm_GenAI\data\UCF-101\CliffDiving\v_CliffDiving_g02_c04.avi,CliffDiving,2,4,gallery
C:\VU\4th_Year\Independence Term 1\GenerativeAI\MIDTERM\Midterm_GenAI\data\UCF-101\CliffDiving\v_CliffDiving_g03_c01.avi,CliffDiving,3,1,query
C:\VU\4th_Year\Independence Term 1\GenerativeAI\MIDTERM\Midterm_GenAI\data\UCF-101\CliffDiving\v_CliffDiving_g03_c02.avi,CliffDiving,3,2,query
C:\VU\4th_Year\Independence Term 1\GenerativeAI\MIDTERM\Midterm_GenAI\data\UCF-101\CliffDiving\v_CliffDiving_g03_c03.avi,CliffDiving,3,3,query
C:\VU\4th_Year\Independence Term 1\GenerativeAI\MIDTERM\Midterm_GenAI\data\UCF-101\CliffDiving\v_CliffDiving_g03_c04.avi,CliffDiving,3,4,query
C:\VU\4th_Year\Independence Term 1\GenerativeAI\MIDTERM\Midterm_GenAI\data\UCF-101\CliffDiving\v_CliffDiving_g03_c05.avi,CliffDiving,3,5,query
C:\VU\4th_Year\Independence Term 1\GenerativeAI\MIDTERM\Midterm_GenAI\data\UCF-101\CliffDiving\v_CliffDiving_g04_c01.avi,CliffDiving,4,1,gallery
C:\VU\4th_Year\Independence Term 1\GenerativeAI\MIDTERM\Midterm_GenAI\data\UCF-101\CliffDiving\v_CliffDiving_g04_c02.avi,CliffDiving,4,2,gallery
C:\VU\4th_Year\Independence Term 1\GenerativeAI\MIDTERM\Midterm_GenAI\data\UCF-101\CliffDiving\v_CliffDiving_g04_c03.avi,CliffDiving,4,3,gallery
C:\VU\4th_Year\Independence Term 1\GenerativeAI\MIDTERM\Midterm_GenAI\data\UCF-101\CliffDiving\v_CliffDiving_g04_c04.avi,CliffDiving,4,4,gallery
C:\VU\4th_Year\Independence Term 1\GenerativeAI\MIDTERM\Midterm_GenAI\data\UCF-101\CliffDiving\v_CliffDiving_g05_c01.avi,CliffDiving,5,1,gallery
C:\VU\4th_Year\Independence Term 1\GenerativeAI\MIDTERM\Midterm_GenAI\data\UCF-101\CliffDiving\v_CliffDiving_g05_c02.avi,CliffDiving,5,2,gallery
C:\VU\4th_Year\Independence Term 1\GenerativeAI\MIDTERM\Midterm_GenAI\data\UCF-101\CliffDiving\v_CliffDiving_g05_c03.avi,CliffDiving,5,3,gallery
C:\VU\4th_Year\Independence Term 1\GenerativeAI\MIDTERM\Midterm_GenAI\data\UCF-101\CliffDiving\v_CliffDiving_g05_c04.avi,CliffDiving,5,4,gallery
C:\VU\4th_Year\Independence Term 1\GenerativeAI\MIDTERM\Midterm_GenAI\data\UCF-101\CliffDiving\v_CliffDiving_g05_c05.avi,CliffDiving,5,5,gallery
C:\VU\4th_Year\Independence Term 1\GenerativeAI\MIDTERM\Midterm_GenAI\data\UCF-101\CliffDiving\v_CliffDiving_g05_c06.avi,CliffDiving,5,6,gallery
C:\VU\4th_Year\Independence Term 1\GenerativeAI\MIDTERM\Midterm_GenAI\data\UCF-101\CliffDiving\v_CliffDiving_g05_c07.avi,CliffDiving,5,7,gallery
C:\VU\4th_Year\Independence Term 1\GenerativeAI\MIDTERM\Midterm_GenAI\data\UCF-101\CliffDiving\v_CliffDiving_g06_c01.avi,CliffDiving,6,1,gallery
C:\VU\4th_Year\Independence Term 1\GenerativeAI\MIDTERM\Midterm_GenAI\data\UCF-101\CliffDiving\v_CliffDiving_g06_c02.avi,CliffDiving,6,2,gallery
C:\VU\4th_Year\Independence Term 1\GenerativeAI\MIDTERM\Midterm_GenAI\data\UCF-101\CliffDiving\v_CliffDiving_g06_c03.avi,CliffDiving,6,3,gallery
C:\VU\4th_Year\Independence Term 1\GenerativeAI\MIDTERM\Midterm_GenAI\data\UCF-101\CliffDiving\v_CliffDiving_g06_c04.avi,CliffDiving,6,4,gallery
C:\VU\4th_Year\Independence Term 1\GenerativeAI\MIDTERM\Midterm_GenAI\data\UCF-101\CliffDiving\v_CliffDiving_g06_c05.avi,CliffDiving,6,5,gallery
C:\VU\4th_Year\Independence Term 1\GenerativeAI\MIDTERM\Midterm_GenAI\data\UCF-101\CliffDiving\v_CliffDiving_g06_c06.avi,CliffDiving,6,6,gallery
C:\VU\4th_Year\Independence Term 1\GenerativeAI\MIDTERM\Midterm_GenAI\data\UCF-101\CliffDiving\v_CliffDiving_g06_c07.avi,CliffDiving,6,7,gallery
C:\VU\4th_Year\Independence Term 1\GenerativeAI\MIDTERM\Midterm_GenAI\data\UCF-101\CliffDiving\v_CliffDiving_g07_c01.avi,CliffDiving,7,1,gallery
C:\VU\4th_Year\Independence Term 1\GenerativeAI\MIDTERM\Midterm_GenAI\data\UCF-101\CliffDiving\v_CliffDiving_g07_c02.avi,CliffDiving,7,2,gallery
C:\VU\4th_Year\Independence Term 1\GenerativeAI\MIDTERM\Midterm_GenAI\data\UCF-101\CliffDiving\v_CliffDiving_g07_c03.avi,CliffDiving,7,3,gallery
C:\VU\4th_Year\Independence Term 1\GenerativeAI\MIDTERM\Midterm_GenAI\data\UCF-101\CliffDiving\v_CliffDiving_g07_c04.avi,CliffDiving,7,4,gallery
C:\VU\4th_Year\Independence Term 1\GenerativeAI\MIDTERM\Midterm_GenAI\data\UCF-101\CliffDiving\v_CliffDiving_g07_c05.avi,CliffDiving,7,5,gallery
C:\VU\4th_Year\Independence Term 1\GenerativeAI\MIDTERM\Midterm_GenAI\data\UCF-101\CliffDiving\v_CliffDiving_g07_c06.avi,CliffDiving,7,6,gallery
C:\VU\4th_Year\Independence Term 1\GenerativeAI\MIDTERM\Midterm_GenAI\data\UCF-101\CliffDiving\v_CliffDiving_g08_c01.avi,CliffDiving,8,1,query
C:\VU\4th_Year\Independence Term 1\GenerativeAI\MIDTERM\Midterm_GenAI\data\UCF-101\CricketBowling\v_CricketBowling_g01_c01.avi,CricketBowling,1,1,gallery
C:\VU\4th_Year\Independence Term 1\GenerativeAI\MIDTERM\Midterm_GenAI\data\UCF-101\CricketBowling\v_CricketBowling_g01_c02.avi,CricketBowling,1,2,gallery
C:\VU\4th_Year\Independence Term 1\GenerativeAI\MIDTERM\Midterm_GenAI\data\UCF-101\CricketBowling\v_CricketBowling_g01_c03.avi,CricketBowling,1,3,gallery
C:\VU\4th_Year\Independence Term 1\GenerativeAI\MIDTERM\Midterm_GenAI\data\UCF-101\CricketBowling\v_CricketBowling_g01_c04.avi,CricketBowling,1,4,gallery
C:\VU\4th_Year\Independence Term 1\GenerativeAI\MIDTERM\Midterm_GenAI\data\UCF-101\CricketBowling\v_CricketBowling_g01_c05.avi,CricketBowling,1,5,gallery
C:\VU\4th_Year\Independence Term 1\GenerativeAI\MIDTERM\Midterm_GenAI\data\UCF-101\CricketBowling\v_CricketBowling_g01_c06.avi,CricketBowling,1,6,gallery
C:\VU\4th_Year\Independence Term 1\GenerativeAI\MIDTERM\Midterm_GenAI\data\UCF-101\CricketBowling\v_CricketBowling_g01_c07.avi,CricketBowling,1,7,gallery
C:\VU\4th_Year\Independence Term 1\GenerativeAI\MIDTERM\Midterm_GenAI\data\UCF-101\CricketBowling\v_CricketBowling_g02_c01.avi,CricketBowling,2,1,gallery
C:\VU\4th_Year\Independence Term 1\GenerativeAI\MIDTERM\Midterm_GenAI\data\UCF-101\CricketBowling\v_CricketBowling_g02_c02.avi,CricketBowling,2,2,gallery
C:\VU\4th_Year\Independence Term 1\GenerativeAI\MIDTERM\Midterm_GenAI\data\UCF-101\CricketBowling\v_CricketBowling_g02_c03.avi,CricketBowling,2,3,gallery
C:\VU\4th_Year\Independence Term 1\GenerativeAI\MIDTERM\Midterm_GenAI\data\UCF-101\CricketBowling\v_CricketBowling_g02_c04.avi,CricketBowling,2,4,gallery
C:\VU\4th_Year\Independence Term 1\GenerativeAI\MIDTERM\Midterm_GenAI\data\UCF-101\CricketBowling\v_CricketBowling_g02_c05.avi,CricketBowling,2,5,gallery
C:\VU\4th_Year\Independence Term 1\GenerativeAI\MIDTERM\Midterm_GenAI\data\UCF-101\CricketBowling\v_CricketBowling_g02_c06.avi,CricketBowling,2,6,gallery
C:\VU\4th_Year\Independence Term 1\GenerativeAI\MIDTERM\Midterm_GenAI\data\UCF-101\CricketBowling\v_CricketBowling_g02_c07.avi,CricketBowling,2,7,gallery
C:\VU\4th_Year\Independence Term 1\GenerativeAI\MIDTERM\Midterm_GenAI\data\UCF-101\CricketBowling\v_CricketBowling_g03_c01.avi,CricketBowling,3,1,gallery
C:\VU\4th_Year\Independence Term 1\GenerativeAI\MIDTERM\Midterm_GenAI\data\UCF-101\CricketBowling\v_CricketBowling_g03_c02.avi,CricketBowling,3,2,gallery
C:\VU\4th_Year\Independence Term 1\GenerativeAI\MIDTERM\Midterm_GenAI\data\UCF-101\CricketBowling\v_CricketBowling_g03_c03.avi,CricketBowling,3,3,gallery
C:\VU\4th_Year\Independence Term 1\GenerativeAI\MIDTERM\Midterm_GenAI\data\UCF-101\CricketBowling\v_CricketBowling_g03_c04.avi,CricketBowling,3,4,gallery
C:\VU\4th_Year\Independence Term 1\GenerativeAI\MIDTERM\Midterm_GenAI\data\UCF-101\CricketBowling\v_CricketBowling_g04_c01.avi,CricketBowling,4,1,gallery
C:\VU\4th_Year\Independence Term 1\GenerativeAI\MIDTERM\Midterm_GenAI\data\UCF-101\CricketBowling\v_CricketBowling_g04_c02.avi,CricketBowling,4,2,gallery
C:\VU\4th_Year\Independence Term 1\GenerativeAI\MIDTERM\Midterm_GenAI\data\UCF-101\CricketBowling\v_CricketBowling_g04_c03.avi,CricketBowling,4,3,gallery
C:\VU\4th_Year\Independence Term 1\GenerativeAI\MIDTERM\Midterm_GenAI\data\UCF-101\CricketBowling\v_CricketBowling_g04_c04.avi,CricketBowling,4,4,gallery
C:\VU\4th_Year\Independence Term 1\GenerativeAI\MIDTERM\Midterm_GenAI\data\UCF-101\CricketBowling\v_CricketBowling_g04_c05.avi,CricketBowling,4,5,gallery
C:\VU\4th_Year\Independence Term 1\GenerativeAI\MIDTERM\Midterm_GenAI\data\UCF-101\CricketBowling\v_CricketBowling_g05_c01.avi,CricketBowling,5,1,query
C:\VU\4th_Year\Independence Term 1\GenerativeAI\MIDTERM\Midterm_GenAI\data\UCF-101\CricketBowling\v_CricketBowling_g05_c02.avi,CricketBowling,5,2,query
C:\VU\4th_Year\Independence Term 1\GenerativeAI\MIDTERM\Midterm_GenAI\data\UCF-101\CricketBowling\v_CricketBowling_g05_c03.avi,CricketBowling,5,3,query
C:\VU\4th_Year\Independence Term 1\GenerativeAI\MIDTERM\Midterm_GenAI\data\UCF-101\CricketBowling\v_CricketBowling_g05_c04.avi,CricketBowling,5,4,query
C:\VU\4th_Year\Independence Term 1\GenerativeAI\MIDTERM\Midterm_GenAI\data\UCF-101\CricketBowling\v_CricketBowling_g06_c01.avi,CricketBowling,6,1,query
C:\VU\4th_Year\Independence Term 1\GenerativeAI\MIDTERM\Midterm_GenAI\data\UCF-101\CricketBowling\v_CricketBowling_g06_c02.avi,CricketBowling,6,2,query
C:\VU\4th_Year\Independence Term 1\GenerativeAI\MIDTERM\Midterm_GenAI\data\UCF-101\CricketBowling\v_CricketBowling_g06_c03.avi,CricketBowling,6,3,query
C:\VU\4th_Year\Independence Term 1\GenerativeAI\MIDTERM\Midterm_GenAI\data\UCF-101\CricketBowling\v_CricketBowling_g06_c04.avi,CricketBowling,6,4,query
C:\VU\4th_Year\Independence Term 1\GenerativeAI\MIDTERM\Midterm_GenAI\data\UCF-101\CricketBowling\v_CricketBowling_g06_c05.avi,CricketBowling,6,5,query
C:\VU\4th_Year\Independence Term 1\GenerativeAI\MIDTERM\Midterm_GenAI\data\UCF-101\CricketBowling\v_CricketBowling_g07_c01.avi,CricketBowling,7,1,gallery
C:\VU\4th_Year\Independence Term 1\GenerativeAI\MIDTERM\Midterm_GenAI\data\UCF-101\CricketBowling\v_CricketBowling_g07_c02.avi,CricketBowling,7,2,gallery
C:\VU\4th_Year\Independence Term 1\GenerativeAI\MIDTERM\Midterm_GenAI\data\UCF-101\CricketBowling\v_CricketBowling_g07_c03.avi,CricketBowling,7,3,gallery
C:\VU\4th_Year\Independence Term 1\GenerativeAI\MIDTERM\Midterm_GenAI\data\UCF-101\CricketBowling\v_CricketBowling_g07_c04.avi,CricketBowling,7,4,gallery
C:\VU\4th_Year\Independence Term 1\GenerativeAI\MIDTERM\Midterm_GenAI\data\UCF-101\CricketBowling\v_CricketBowling_g08_c01.avi,CricketBowling,8,1,gallery
C:\VU\4th_Year\Independence Term 1\GenerativeAI\MIDTERM\Midterm_GenAI\data\UCF-101\CricketBowling\v_CricketBowling_g08_c02.avi,CricketBowling,8,2,gallery
C:\VU\4th_Year\Independence Term 1\GenerativeAI\MIDTERM\Midterm_GenAI\data\UCF-101\CricketBowling\v_CricketBowling_g08_c03.avi,CricketBowling,8,3,gallery
C:\VU\4th_Year\Independence Term 1\GenerativeAI\MIDTERM\Midterm_GenAI\data\UCF-101\CricketBowling\v_CricketBowling_g08_c04.avi,CricketBowling,8,4,gallery
C:\VU\4th_Year\Independence Term 1\GenerativeAI\MIDTERM\Midterm_GenAI\data\UCF-101\CricketShot\v_CricketShot_g01_c01.avi,CricketShot,1,1,gallery
C:\VU\4th_Year\Independence Term 1\GenerativeAI\MIDTERM\Midterm_GenAI\data\UCF-101\CricketShot\v_CricketShot_g01_c02.avi,CricketShot,1,2,gallery
C:\VU\4th_Year\Independence Term 1\GenerativeAI\MIDTERM\Midterm_GenAI\data\UCF-101\CricketShot\v_CricketShot_g01_c03.avi,CricketShot,1,3,gallery
C:\VU\4th_Year\Independence Term 1\GenerativeAI\MIDTERM\Midterm_GenAI\data\UCF-101\CricketShot\v_CricketShot_g01_c04.avi,CricketShot,1,4,gallery
C:\VU\4th_Year\Independence Term 1\GenerativeAI\MIDTERM\Midterm_GenAI\data\UCF-101\CricketShot\v_CricketShot_g01_c05.avi,CricketShot,1,5,gallery
C:\VU\4th_Year\Independence Term 1\GenerativeAI\MIDTERM\Midterm_GenAI\data\UCF-101\CricketShot\v_CricketShot_g01_c06.avi,CricketShot,1,6,gallery
C:\VU\4th_Year\Independence Term 1\GenerativeAI\MIDTERM\Midterm_GenAI\data\UCF-101\CricketShot\v_CricketShot_g01_c07.avi,CricketShot,1,7,gallery
C:\VU\4th_Year\Independence Term 1\GenerativeAI\MIDTERM\Midterm_GenAI\data\UCF-101\CricketShot\v_CricketShot_g02_c01.avi,CricketShot,2,1,gallery
C:\VU\4th_Year\Independence Term 1\GenerativeAI\MIDTERM\Midterm_GenAI\data\UCF-101\CricketShot\v_CricketShot_g02_c02.avi,CricketShot,2,2,gallery
C:\VU\4th_Year\Independence Term 1\GenerativeAI\MIDTERM\Midterm_GenAI\data\UCF-101\CricketShot\v_CricketShot_g02_c03.avi,CricketShot,2,3,gallery
C:\VU\4th_Year\Independence Term 1\GenerativeAI\MIDTERM\Midterm_GenAI\data\UCF-101\CricketShot\v_CricketShot_g02_c04.avi,CricketShot,2,4,gallery
C:\VU\4th_Year\Independence Term 1\GenerativeAI\MIDTERM\Midterm_GenAI\data\UCF-101\CricketShot\v_CricketShot_g02_c05.avi,CricketShot,2,5,gallery
C:\VU\4th_Year\Independence Term 1\GenerativeAI\MIDTERM\Midterm_GenAI\data\UCF-101\CricketShot\v_CricketShot_g02_c06.avi,CricketShot,2,6,gallery
C:\VU\4th_Year\Independence Term 1\GenerativeAI\MIDTERM\Midterm_GenAI\data\UCF-101\CricketShot\v_CricketShot_g02_c07.avi,CricketShot,2,7,gallery
C:\VU\4th_Year\Independence Term 1\GenerativeAI\MIDTERM\Midterm_GenAI\data\UCF-101\CricketShot\v_CricketShot_g03_c01.avi,CricketShot,3,1,query
C:\VU\4th_Year\Independence Term 1\GenerativeAI\MIDTERM\Midterm_GenAI\data\UCF-101\CricketShot\v_CricketShot_g03_c02.avi,CricketShot,3,2,query
C:\VU\4th_Year\Independence Term 1\GenerativeAI\MIDTERM\Midterm_GenAI\data\UCF-101\CricketShot\v_CricketShot_g03_c03.avi,CricketShot,3,3,query
C:\VU\4th_Year\Independence Term 1\GenerativeAI\MIDTERM\Midterm_GenAI\data\UCF-101\CricketShot\v_CricketShot_g03_c04.avi,CricketShot,3,4,query
C:\VU\4th_Year\Independence Term 1\GenerativeAI\MIDTERM\Midterm_GenAI\data\UCF-101\CricketShot\v_CricketShot_g03_c05.avi,CricketShot,3,5,query
C:\VU\4th_Year\Independence Term 1\GenerativeAI\MIDTERM\Midterm_GenAI\data\UCF-101\CricketShot\v_CricketShot_g03_c06.avi,CricketShot,3,6,query
C:\VU\4th_Year\Independence Term 1\GenerativeAI\MIDTERM\Midterm_GenAI\data\UCF-101\CricketShot\v_CricketShot_g03_c07.avi,CricketShot,3,7,query
C:\VU\4th_Year\Independence Term 1\GenerativeAI\MIDTERM\Midterm_GenAI\data\UCF-101\CricketShot\v_CricketShot_g04_c01.avi,CricketShot,4,1,gallery
C:\VU\4th_Year\Independence Term 1\GenerativeAI\MIDTERM\Midterm_GenAI\data\UCF-101\CricketShot\v_CricketShot_g04_c02.avi,CricketShot,4,2,gallery
C:\VU\4th_Year\Independence Term 1\GenerativeAI\MIDTERM\Midterm_GenAI\data\UCF-101\CricketShot\v_CricketShot_g04_c03.avi,CricketShot,4,3,gallery
C:\VU\4th_Year\Independence Term 1\GenerativeAI\MIDTERM\Midterm_GenAI\data\UCF-101\CricketShot\v_CricketShot_g04_c04.avi,CricketShot,4,4,gallery
C:\VU\4th_Year\Independence Term 1\GenerativeAI\MIDTERM\Midterm_GenAI\data\UCF-101\CricketShot\v_CricketShot_g04_c05.avi,CricketShot,4,5,gallery
C:\VU\4th_Year\Independence Term 1\GenerativeAI\MIDTERM\Midterm_GenAI\data\UCF-101\CricketShot\v_CricketShot_g04_c06.avi,CricketShot,4,6,gallery
C:\VU\4th_Year\Independence Term 1\GenerativeAI\MIDTERM\Midterm_GenAI\data\UCF-101\CricketShot\v_CricketShot_g04_c07.avi,CricketShot,4,7,gallery
C:\VU\4th_Year\Independence Term 1\GenerativeAI\MIDTERM\Midterm_GenAI\data\UCF-101\CricketShot\v_CricketShot_g05_c01.avi,CricketShot,5,1,gallery
C:\VU\4th_Year\Independence Term 1\GenerativeAI\MIDTERM\Midterm_GenAI\data\UCF-101\CricketShot\v_CricketShot_g05_c02.avi,CricketShot,5,2,gallery
C:\VU\4th_Year\Independence Term 1\GenerativeAI\MIDTERM\Midterm_GenAI\data\UCF-101\CricketShot\v_CricketShot_g05_c03.avi,CricketShot,5,3,gallery
C:\VU\4th_Year\Independence Term 1\GenerativeAI\MIDTERM\Midterm_GenAI\data\UCF-101\CricketShot\v_CricketShot_g05_c04.avi,CricketShot,5,4,gallery
C:\VU\4th_Year\Independence Term 1\GenerativeAI\MIDTERM\Midterm_GenAI\data\UCF-101\CricketShot\v_CricketShot_g05_c05.avi,CricketShot,5,5,gallery
C:\VU\4th_Year\Independence Term 1\GenerativeAI\MIDTERM\Midterm_GenAI\data\UCF-101\CricketShot\v_CricketShot_g05_c06.avi,CricketShot,5,6,gallery
C:\VU\4th_Year\Independence Term 1\GenerativeAI\MIDTERM\Midterm_GenAI\data\UCF-101\CricketShot\v_CricketShot_g05_c07.avi,CricketShot,5,7,gallery
C:\VU\4th_Year\Independence Term 1\GenerativeAI\MIDTERM\Midterm_GenAI\data\UCF-101\CricketShot\v_CricketShot_g06_c01.avi,CricketShot,6,1,query
C:\VU\4th_Year\Independence Term 1\GenerativeAI\MIDTERM\Midterm_GenAI\data\UCF-101\CricketShot\v_CricketShot_g06_c02.avi,CricketShot,6,2,query
C:\VU\4th_Year\Independence Term 1\GenerativeAI\MIDTERM\Midterm_GenAI\data\UCF-101\CricketShot\v_CricketShot_g06_c03.avi,CricketShot,6,3,query
C:\VU\4th_Year\Independence Term 1\GenerativeAI\MIDTERM\Midterm_GenAI\data\UCF-101\CricketShot\v_CricketShot_g06_c04.avi,CricketShot,6,4,query
C:\VU\4th_Year\Independence Term 1\GenerativeAI\MIDTERM\Midterm_GenAI\data\UCF-101\CricketShot\v_CricketShot_g06_c05.avi,CricketShot,6,5,query
C:\VU\4th_Year\Independence Term 1\GenerativeAI\MIDTERM\Midterm_GenAI\data\UCF-101\CuttingInKitchen\v_CuttingInKitchen_g01_c01.avi,CuttingInKitchen,1,1,gallery
C:\VU\4th_Year\Independence Term 1\GenerativeAI\MIDTERM\Midterm_GenAI\data\UCF-101\CuttingInKitchen\v_CuttingInKitchen_g01_c02.avi,CuttingInKitchen,1,2,gallery
C:\VU\4th_Year\Independence Term 1\GenerativeAI\MIDTERM\Midterm_GenAI\data\UCF-101\CuttingInKitchen\v_CuttingInKitchen_g01_c03.avi,CuttingInKitchen,1,3,gallery
C:\VU\4th_Year\Independence Term 1\GenerativeAI\MIDTERM\Midterm_GenAI\data\UCF-101\CuttingInKitchen\v_CuttingInKitchen_g01_c04.avi,CuttingInKitchen,1,4,gallery
C:\VU\4th_Year\Independence Term 1\GenerativeAI\MIDTERM\Midterm_GenAI\data\UCF-101\CuttingInKitchen\v_CuttingInKitchen_g01_c05.avi,CuttingInKitchen,1,5,gallery
C:\VU\4th_Year\Independence Term 1\GenerativeAI\MIDTERM\Midterm_GenAI\data\UCF-101\CuttingInKitchen\v_CuttingInKitchen_g02_c01.avi,CuttingInKitchen,2,1,gallery
C:\VU\4th_Year\Independence Term 1\GenerativeAI\MIDTERM\Midterm_GenAI\data\UCF-101\CuttingInKitchen\v_CuttingInKitchen_g02_c02.avi,CuttingInKitchen,2,2,gallery
C:\VU\4th_Year\Independence Term 1\GenerativeAI\MIDTERM\Midterm_GenAI\data\UCF-101\CuttingInKitchen\v_CuttingInKitchen_g02_c03.avi,CuttingInKitchen,2,3,gallery
C:\VU\4th_Year\Independence Term 1\GenerativeAI\MIDTERM\Midterm_GenAI\data\UCF-101\CuttingInKitchen\v_CuttingInKitchen_g02_c04.avi,CuttingInKitchen,2,4,gallery
C:\VU\4th_Year\Independence Term 1\GenerativeAI\MIDTERM\Midterm_GenAI\data\UCF-101\CuttingInKitchen\v_CuttingInKitchen_g03_c01.avi,CuttingInKitchen,3,1,gallery
C:\VU\4th_Year\Independence Term 1\GenerativeAI\MIDTERM\Midterm_GenAI\data\UCF-101\CuttingInKitchen\v_CuttingInKitchen_g03_c02.avi,CuttingInKitchen,3,2,gallery
C:\VU\4th_Year\Independence Term 1\GenerativeAI\MIDTERM\Midterm_GenAI\data\UCF-101\CuttingInKitchen\v_CuttingInKitchen_g03_c03.avi,CuttingInKitchen,3,3,gallery
C:\VU\4th_Year\Independence Term 1\GenerativeAI\MIDTERM\Midterm_GenAI\data\UCF-101\CuttingInKitchen\v_CuttingInKitchen_g03_c04.avi,CuttingInKitchen,3,4,gallery
C:\VU\4th_Year\Independence Term 1\GenerativeAI\MIDTERM\Midterm_GenAI\data\UCF-101\CuttingInKitchen\v_CuttingInKitchen_g04_c01.avi,CuttingInKitchen,4,1,query
C:\VU\4th_Year\Independence Term 1\GenerativeAI\MIDTERM\Midterm_GenAI\data\UCF-101\CuttingInKitchen\v_CuttingInKitchen_g04_c02.avi,CuttingInKitchen,4,2,query
C:\VU\4th_Year\Independence Term 1\GenerativeAI\MIDTERM\Midterm_GenAI\data\UCF-101\CuttingInKitchen\v_CuttingInKitchen_g04_c03.avi,CuttingInKitchen,4,3,query
C:\VU\4th_Year\Independence Term 1\GenerativeAI\MIDTERM\Midterm_GenAI\data\UCF-101\CuttingInKitchen\v_CuttingInKitchen_g04_c04.avi,CuttingInKitchen,4,4,query
C:\VU\4th_Year\Independence Term 1\GenerativeAI\MIDTERM\Midterm_GenAI\data\UCF-101\CuttingInKitchen\v_CuttingInKitchen_g04_c05.avi,CuttingInKitchen,4,5,query
C:\VU\4th_Year\Independence Term 1\GenerativeAI\MIDTERM\Midterm_GenAI\data\UCF-101\CuttingInKitchen\v_CuttingInKitchen_g05_c01.avi,CuttingInKitchen,5,1,query
C:\VU\4th_Year\Independence Term 1\GenerativeAI\MIDTERM\Midterm_GenAI\data\UCF-101\CuttingInKitchen\v_CuttingInKitchen_g05_c02.avi,CuttingInKitchen,5,2,query
C:\VU\4th_Year\Independence Term 1\GenerativeAI\MIDTERM\Midterm_GenAI\data\UCF-101\CuttingInKitchen\v_CuttingInKitchen_g05_c03.avi,CuttingInKitchen,5,3,query
C:\VU\4th_Year\Independence Term 1\GenerativeAI\MIDTERM\Midterm_GenAI\data\UCF-101\CuttingInKitchen\v_CuttingInKitchen_g05_c04.avi,CuttingInKitchen,5,4,query
C:\VU\4th_Year\Independence Term 1\GenerativeAI\MIDTERM\Midterm_GenAI\data\UCF-101\CuttingInKitchen\v_CuttingInKitchen_g05_c05.avi,CuttingInKitchen,5,5,query
C:\VU\4th_Year\Independence Term 1\GenerativeAI\MIDTERM\Midterm_GenAI\data\UCF-101\CuttingInKitchen\v_CuttingInKitchen_g05_c06.avi,CuttingInKitchen,5,6,query
C:\VU\4th_Year\Independence Term 1\GenerativeAI\MIDTERM\Midterm_GenAI\data\UCF-101\CuttingInKitchen\v_CuttingInKitchen_g06_c01.avi,CuttingInKitchen,6,1,gallery
C:\VU\4th_Year\Independence Term 1\GenerativeAI\MIDTERM\Midterm_GenAI\data\UCF-101\CuttingInKitchen\v_CuttingInKitchen_g06_c02.avi,CuttingInKitchen,6,2,gallery
C:\VU\4th_Year\Independence Term 1\GenerativeAI\MIDTERM\Midterm_GenAI\data\UCF-101\CuttingInKitchen\v_CuttingInKitchen_g06_c03.avi,CuttingInKitchen,6,3,gallery
C:\VU\4th_Year\Independence Term 1\GenerativeAI\MIDTERM\Midterm_GenAI\data\UCF-101\CuttingInKitchen\v_CuttingInKitchen_g06_c04.avi,CuttingInKitchen,6,4,gallery
C:\VU\4th_Year\Independence Term 1\GenerativeAI\MIDTERM\Midterm_GenAI\data\UCF-101\CuttingInKitchen\v_CuttingInKitchen_g06_c05.avi,CuttingInKitchen,6,5,gallery
C:\VU\4th_Year\Independence Term 1\GenerativeAI\MIDTERM\Midterm_GenAI\data\UCF-101\CuttingInKitchen\v_CuttingInKitchen_g07_c01.avi,CuttingInKitchen,7,1,gallery
C:\VU\4th_Year\Independence Term 1\GenerativeAI\MIDTERM\Midterm_GenAI\data\UCF-101\CuttingInKitchen\v_CuttingInKitchen_g07_c02.avi,CuttingInKitchen,7,2,gallery
C:\VU\4th_Year\Independence Term 1\GenerativeAI\MIDTERM\Midterm_GenAI\data\UCF-101\CuttingInKitchen\v_CuttingInKitchen_g07_c03.avi,CuttingInKitchen,7,3,gallery
C:\VU\4th_Year\Independence Term 1\GenerativeAI\MIDTERM\Midterm_GenAI\data\UCF-101\CuttingInKitchen\v_CuttingInKitchen_g07_c04.avi,CuttingInKitchen,7,4,gallery
C:\VU\4th_Year\Independence Term 1\GenerativeAI\MIDTERM\Midterm_GenAI\data\UCF-101\CuttingInKitchen\v_CuttingInKitchen_g08_c01.avi,CuttingInKitchen,8,1,gallery
C:\VU\4th_Year\Independence Term 1\GenerativeAI\MIDTERM\Midterm_GenAI\data\UCF-101\CuttingInKitchen\v_CuttingInKitchen_g08_c02.avi,CuttingInKitchen,8,2,gallery
C:\VU\4th_Year\Independence Term 1\GenerativeAI\MIDTERM\Midterm_GenAI\data\UCF-101\CuttingInKitchen\v_CuttingInKitchen_g08_c03.avi,CuttingInKitchen,8,3,gallery
C:\VU\4th_Year\Independence Term 1\GenerativeAI\MIDTERM\Midterm_GenAI\data\UCF-101\CuttingInKitchen\v_CuttingInKitchen_g08_c04.avi,CuttingInKitchen,8,4,gallery
C:\VU\4th_Year\Independence Term 1\GenerativeAI\MIDTERM\Midterm_GenAI\data\UCF-101\CuttingInKitchen\v_CuttingInKitchen_g09_c01.avi,CuttingInKitchen,9,1,gallery
C:\VU\4th_Year\Independence Term 1\GenerativeAI\MIDTERM\Midterm_GenAI\data\UCF-101\CuttingInKitchen\v_CuttingInKitchen_g09_c02.avi,CuttingInKitchen,9,2,gallery
C:\VU\4th_Year\Independence Term 1\GenerativeAI\MIDTERM\Midterm_GenAI\data\UCF-101\CuttingInKitchen\v_CuttingInKitchen_g09_c03.avi,CuttingInKitchen,9,3,gallery
C:\VU\4th_Year\Independence Term 1\GenerativeAI\MIDTERM\Midterm_GenAI\data\UCF-101\Diving\v_Diving_g01_c01.avi,Diving,1,1,query
C:\VU\4th_Year\Independence Term 1\GenerativeAI\MIDTERM\Midterm_GenAI\data\UCF-101\Diving\v_Diving_g01_c02.avi,Diving,1,2,query
C:\VU\4th_Year\Independence Term 1\GenerativeAI\MIDTERM\Midterm_GenAI\data\UCF-101\Diving\v_Diving_g01_c03.avi,Diving,1,3,query
C:\VU\4th_Year\Independence Term 1\GenerativeAI\MIDTERM\Midterm_GenAI\data\UCF-101\Diving\v_Diving_g01_c04.avi,Diving,1,4,query
C:\VU\4th_Year\Independence Term 1\GenerativeAI\MIDTERM\Midterm_GenAI\data\UCF-101\Diving\v_Diving_g01_c05.avi,Diving,1,5,query
C:\VU\4th_Year\Independence Term 1\GenerativeAI\MIDTERM\Midterm_GenAI\data\UCF-101\Diving\v_Diving_g01_c06.avi,Diving,1,6,query
C:\VU\4th_Year\Independence Term 1\GenerativeAI\MIDTERM\Midterm_GenAI\data\UCF-101\Diving\v_Diving_g01_c07.avi,Diving,1,7,query
C:\VU\4th_Year\Independence Term 1\GenerativeAI\MIDTERM\Midterm_GenAI\data\UCF-101\Diving\v_Diving_g02_c01.avi,Diving,2,1,gallery
C:\VU\4th_Year\Independence Term 1\GenerativeAI\MIDTERM\Midterm_GenAI\data\UCF-101\Diving\v_Diving_g02_c02.avi,Diving,2,2,gallery
C:\VU\4th_Year\Independence Term 1\GenerativeAI\MIDTERM\Midterm_GenAI\data\UCF-101\Diving\v_Diving_g02_c03.avi,Diving,2,3,gallery
C:\VU\4th_Year\Independence Term 1\GenerativeAI\MIDTERM\Midterm_GenAI\data\UCF-101\Diving\v_Diving_g02_c04.avi,Diving,2,4,gallery
C:\VU\4th_Year\Independence Term 1\GenerativeAI\MIDTERM\Midterm_GenAI\data\UCF-101\Diving\v_Diving_g02_c05.avi,Diving,2,5,gallery
C:\VU\4th_Year\Independence Term 1\GenerativeAI\MIDTERM\Midterm_GenAI\data\UCF-101\Diving\v_Diving_g02_c06.avi,Diving,2,6,gallery
C:\VU\4th_Year\Independence Term 1\GenerativeAI\MIDTERM\Midterm_GenAI\data\UCF-101\Diving\v_Diving_g02_c07.avi,Diving,2,7,gallery
C:\VU\4th_Year\Independence Term 1\GenerativeAI\MIDTERM\Midterm_GenAI\data\UCF-101\Diving\v_Diving_g03_c01.avi,Diving,3,1,gallery
C:\VU\4th_Year\Independence Term 1\GenerativeAI\MIDTERM\Midterm_GenAI\data\UCF-101\Diving\v_Diving_g03_c02.avi,Diving,3,2,gallery
C:\VU\4th_Year\Independence Term 1\GenerativeAI\MIDTERM\Midterm_GenAI\data\UCF-101\Diving\v_Diving_g03_c03.avi,Diving,3,3,gallery
C:\VU\4th_Year\Independence Term 1\GenerativeAI\MIDTERM\Midterm_GenAI\data\UCF-101\Diving\v_Diving_g03_c04.avi,Diving,3,4,gallery
C:\VU\4th_Year\Independence Term 1\GenerativeAI\MIDTERM\Midterm_GenAI\data\UCF-101\Diving\v_Diving_g03_c05.avi,Diving,3,5,gallery
C:\VU\4th_Year\Independence Term 1\GenerativeAI\MIDTERM\Midterm_GenAI\data\UCF-101\Diving\v_Diving_g03_c06.avi,Diving,3,6,gallery
C:\VU\4th_Year\Independence Term 1\GenerativeAI\MIDTERM\Midterm_GenAI\data\UCF-101\Diving\v_Diving_g03_c07.avi,Diving,3,7,gallery
C:\VU\4th_Year\Independence Term 1\GenerativeAI\MIDTERM\Midterm_GenAI\data\UCF-101\Diving\v_Diving_g04_c01.avi,Diving,4,1,gallery
C:\VU\4th_Year\Independence Term 1\GenerativeAI\MIDTERM\Midterm_GenAI\data\UCF-101\Diving\v_Diving_g04_c02.avi,Diving,4,2,gallery
C:\VU\4th_Year\Independence Term 1\GenerativeAI\MIDTERM\Midterm_GenAI\data\UCF-101\Diving\v_Diving_g04_c03.avi,Diving,4,3,gallery
C:\VU\4th_Year\Independence Term 1\GenerativeAI\MIDTERM\Midterm_GenAI\data\UCF-101\Diving\v_Diving_g04_c04.avi,Diving,4,4,gallery
C:\VU\4th_Year\Independence Term 1\GenerativeAI\MIDTERM\Midterm_GenAI\data\UCF-101\Diving\v_Diving_g04_c05.avi,Diving,4,5,gallery
C:\VU\4th_Year\Independence Term 1\GenerativeAI\MIDTERM\Midterm_GenAI\data\UCF-101\Diving\v_Diving_g04_c06.avi,Diving,4,6,gallery
C:\VU\4th_Year\Independence Term 1\GenerativeAI\MIDTERM\Midterm_GenAI\data\UCF-101\Diving\v_Diving_g04_c07.avi,Diving,4,7,gallery
C:\VU\4th_Year\Independence Term 1\GenerativeAI\MIDTERM\Midterm_GenAI\data\UCF-101\Diving\v_Diving_g05_c01.avi,Diving,5,1,query
C:\VU\4th_Year\Independence Term 1\GenerativeAI\MIDTERM\Midterm_GenAI\data\UCF-101\Diving\v_Diving_g05_c02.avi,Diving,5,2,query
C:\VU\4th_Year\Independence Term 1\GenerativeAI\MIDTERM\Midterm_GenAI\data\UCF-101\Diving\v_Diving_g05_c03.avi,Diving,5,3,query
C:\VU\4th_Year\Independence Term 1\GenerativeAI\MIDTERM\Midterm_GenAI\data\UCF-101\Diving\v_Diving_g05_c04.avi,Diving,5,4,query
C:\VU\4th_Year\Independence Term 1\GenerativeAI\MIDTERM\Midterm_GenAI\data\UCF-101\Diving\v_Diving_g05_c05.avi,Diving,5,5,query
C:\VU\4th_Year\Independence Term 1\GenerativeAI\MIDTERM\Midterm_GenAI\data\UCF-101\Diving\v_Diving_g05_c06.avi,Diving,5,6,query
C:\VU\4th_Year\Independence Term 1\GenerativeAI\MIDTERM\Midterm_GenAI\data\UCF-101\Diving\v_Diving_g06_c01.avi,Diving,6,1,gallery
C:\VU\4th_Year\Independence Term 1\GenerativeAI\MIDTERM\Midterm_GenAI\data\UCF-101\Diving\v_Diving_g06_c02.avi,Diving,6,2,gallery
C:\VU\4th_Year\Independence Term 1\GenerativeAI\MIDTERM\Midterm_GenAI\data\UCF-101\Diving\v_Diving_g06_c03.avi,Diving,6,3,gallery
C:\VU\4th_Year\Independence Term 1\GenerativeAI\MIDTERM\Midterm_GenAI\data\UCF-101\Diving\v_Diving_g06_c04.avi,Diving,6,4,gallery
C:\VU\4th_Year\Independence Term 1\GenerativeAI\MIDTERM\Midterm_GenAI\data\UCF-101\Diving\v_Diving_g06_c05.avi,Diving,6,5,gallery
C:\VU\4th_Year\Independence Term 1\GenerativeAI\MIDTERM\Midterm_GenAI\data\UCF-101\Diving\v_Diving_g06_c06.avi,Diving,6,6,gallery
C:\VU\4th_Year\Independence Term 1\GenerativeAI\MIDTERM\Midterm_GenAI\data\UCF-101\Drumming\v_Drumming_g01_c01.avi,Drumming,1,1,gallery
C:\VU\4th_Year\Independence Term 1\GenerativeAI\MIDTERM\Midterm_GenAI\data\UCF-101\Drumming\v_Drumming_g01_c02.avi,Drumming,1,2,gallery
C:\VU\4th_Year\Independence Term 1\GenerativeAI\MIDTERM\Midterm_GenAI\data\UCF-101\Drumming\v_Drumming_g01_c03.avi,Drumming,1,3,gallery
C:\VU\4th_Year\Independence Term 1\GenerativeAI\MIDTERM\Midterm_GenAI\data\UCF-101\Drumming\v_Drumming_g01_c04.avi,Drumming,1,4,gallery
C:\VU\4th_Year\Independence Term 1\GenerativeAI\MIDTERM\Midterm_GenAI\data\UCF-101\Drumming\v_Drumming_g01_c05.avi,Drumming,1,5,gallery
C:\VU\4th_Year\Independence Term 1\GenerativeAI\MIDTERM\Midterm_GenAI\data\UCF-101\Drumming\v_Drumming_g01_c06.avi,Drumming,1,6,gallery
C:\VU\4th_Year\Independence Term 1\GenerativeAI\MIDTERM\Midterm_GenAI\data\UCF-101\Drumming\v_Drumming_g01_c07.avi,Drumming,1,7,gallery
C:\VU\4th_Year\Independence Term 1\GenerativeAI\MIDTERM\Midterm_GenAI\data\UCF-101\Drumming\v_Drumming_g02_c01.avi,Drumming,2,1,gallery
C:\VU\4th_Year\Independence Term 1\GenerativeAI\MIDTERM\Midterm_GenAI\data\UCF-101\Drumming\v_Drumming_g02_c02.avi,Drumming,2,2,gallery
C:\VU\4th_Year\Independence Term 1\GenerativeAI\MIDTERM\Midterm_GenAI\data\UCF-101\Drumming\v_Drumming_g02_c03.avi,Drumming,2,3,gallery
C:\VU\4th_Year\Independence Term 1\GenerativeAI\MIDTERM\Midterm_GenAI\data\UCF-101\Drumming\v_Drumming_g02_c04.avi,Drumming,2,4,gallery
C:\VU\4th_Year\Independence Term 1\GenerativeAI\MIDTERM\Midterm_GenAI\data\UCF-101\Drumming\v_Drumming_g02_c05.avi,Drumming,2,5,gallery
C:\VU\4th_Year\Independence Term 1\GenerativeAI\MIDTERM\Midterm_GenAI\data\UCF-101\Drumming\v_Drumming_g02_c06.avi,Drumming,2,6,gallery
C:\VU\4th_Year\Independence Term 1\GenerativeAI\MIDTERM\Midterm_GenAI\data\UCF-101\Drumming\v_Drumming_g02_c07.avi,Drumming,2,7,gallery
C:\VU\4th_Year\Independence Term 1\GenerativeAI\MIDTERM\Midterm_GenAI\data\UCF-101\Drumming\v_Drumming_g03_c01.avi,Drumming,3,1,query
C:\VU\4th_Year\Independence Term 1\GenerativeAI\MIDTERM\Midterm_GenAI\data\UCF-101\Drumming\v_Drumming_g03_c02.avi,Drumming,3,2,query
C:\VU\4th_Year\Independence Term 1\GenerativeAI\MIDTERM\Midterm_GenAI\data\UCF-101\Drumming\v_Drumming_g03_c03.avi,Drumming,3,3,query
C:\VU\4th_Year\Independence Term 1\GenerativeAI\MIDTERM\Midterm_GenAI\data\UCF-101\Drumming\v_Drumming_g03_c04.avi,Drumming,3,4,query
C:\VU\4th_Year\Independence Term 1\GenerativeAI\MIDTERM\Midterm_GenAI\data\UCF-101\Drumming\v_Drumming_g03_c05.avi,Drumming,3,5,query
C:\VU\4th_Year\Independence Term 1\GenerativeAI\MIDTERM\Midterm_GenAI\data\UCF-101\Drumming\v_Drumming_g04_c01.avi,Drumming,4,1,query
C:\VU\4th_Year\Independence Term 1\GenerativeAI\MIDTERM\Midterm_GenAI\data\UCF-101\Drumming\v_Drumming_g04_c02.avi,Drumming,4,2,query
C:\VU\4th_Year\Independence Term 1\GenerativeAI\MIDTERM\Midterm_GenAI\data\UCF-101\Drumming\v_Drumming_g04_c03.avi,Drumming,4,3,query
C:\VU\4th_Year\Independence Term 1\GenerativeAI\MIDTERM\Midterm_GenAI\data\UCF-101\Drumming\v_Drumming_g04_c04.avi,Drumming,4,4,query
C:\VU\4th_Year\Independence Term 1\GenerativeAI\MIDTERM\Midterm_GenAI\data\UCF-101\Drumming\v_Drumming_g04_c05.avi,Drumming,4,5,query
C:\VU\4th_Year\Independence Term 1\GenerativeAI\MIDTERM\Midterm_GenAI\data\UCF-101\Drumming\v_Drumming_g04_c06.avi,Drumming,4,6,query
C:\VU\4th_Year\Independence Term 1\GenerativeAI\MIDTERM\Midterm_GenAI\data\UCF-101\Drumming\v_Drumming_g04_c07.avi,Drumming,4,7,query
C:\VU\4th_Year\Independence Term 1\GenerativeAI\MIDTERM\Midterm_GenAI\data\UCF-101\Drumming\v_Drumming_g05_c01.avi,Drumming,5,1,gallery
C:\VU\4th_Year\Independence Term 1\GenerativeAI\MIDTERM\Midterm_GenAI\data\UCF-101\Drumming\v_Drumming_g05_c02.avi,Drumming,5,2,gallery
C:\VU\4th_Year\Independence Term 1\GenerativeAI\MIDTERM\Midterm_GenAI\data\UCF-101\Drumming\v_Drumming_g05_c03.avi,Drumming,5,3,gallery
C:\VU\4th_Year\Independence Term 1\GenerativeAI\MIDTERM\Midterm_GenAI\data\UCF-101\Drumming\v_Drumming_g05_c04.avi,Drumming,5,4,gallery
C:\VU\4th_Year\Independence Term 1\GenerativeAI\MIDTERM\Midterm_GenAI\data\UCF-101\Drumming\v_Drumming_g05_c05.avi,Drumming,5,5,gallery
C:\VU\4th_Year\Independence Term 1\GenerativeAI\MIDTERM\Midterm_GenAI\data\UCF-101\Drumming\v_Drumming_g05_c06.avi,Drumming,5,6,gallery
C:\VU\4th_Year\Independence Term 1\GenerativeAI\MIDTERM\Midterm_GenAI\data\UCF-101\Drumming\v_Drumming_g06_c01.avi,Drumming,6,1,gallery
C:\VU\4th_Year\Independence Term 1\GenerativeAI\MIDTERM\Midterm_GenAI\data\UCF-101\Drumming\v_Drumming_g06_c02.avi,Drumming,6,2,gallery
C:\VU\4th_Year\Independence Term 1\GenerativeAI\MIDTERM\Midterm_GenAI\data\UCF-101\Drumming\v_Drumming_g06_c03.avi,Drumming,6,3,gallery
C:\VU\4th_Year\Independence Term 1\GenerativeAI\MIDTERM\Midterm_GenAI\data\UCF-101\Drumming\v_Drumming_g06_c04.avi,Drumming,6,4,gallery
C:\VU\4th_Year\Independence Term 1\GenerativeAI\MIDTERM\Midterm_GenAI\data\UCF-101\Drumming\v_Drumming_g06_c05.avi,Drumming,6,5,gallery
C:\VU\4th_Year\Independence Term 1\GenerativeAI\MIDTERM\Midterm_GenAI\data\UCF-101\Drumming\v_Drumming_g06_c06.avi,Drumming,6,6,gallery
C:\VU\4th_Year\Independence Term 1\GenerativeAI\MIDTERM\Midterm_GenAI\data\UCF-101\Drumming\v_Drumming_g07_c01.avi,Drumming,7,1,gallery
C:\VU\4th_Year\Independence Term 1\GenerativeAI\MIDTERM\Midterm_GenAI\data\UCF-101\Drumming\v_Drumming_g07_c02.avi,Drumming,7,2,gallery
C:\VU\4th_Year\Independence Term 1\GenerativeAI\MIDTERM\Midterm_GenAI\data\UCF-101\Fencing\v_Fencing_g01_c01.avi,Fencing,1,1,gallery
C:\VU\4th_Year\Independence Term 1\GenerativeAI\MIDTERM\Midterm_GenAI\data\UCF-101\Fencing\v_Fencing_g01_c02.avi,Fencing,1,2,gallery
C:\VU\4th_Year\Independence Term 1\GenerativeAI\MIDTERM\Midterm_GenAI\data\UCF-101\Fencing\v_Fencing_g01_c03.avi,Fencing,1,3,gallery
C:\VU\4th_Year\Independence Term 1\GenerativeAI\MIDTERM\Midterm_GenAI\data\UCF-101\Fencing\v_Fencing_g01_c04.avi,Fencing,1,4,gallery
C:\VU\4th_Year\Independence Term 1\GenerativeAI\MIDTERM\Midterm_GenAI\data\UCF-101\Fencing\v_Fencing_g01_c05.avi,Fencing,1,5,gallery
C:\VU\4th_Year\Independence Term 1\GenerativeAI\MIDTERM\Midterm_GenAI\data\UCF-101\Fencing\v_Fencing_g01_c06.avi,Fencing,1,6,gallery
C:\VU\4th_Year\Independence Term 1\GenerativeAI\MIDTERM\Midterm_GenAI\data\UCF-101\Fencing\v_Fencing_g02_c01.avi,Fencing,2,1,gallery
C:\VU\4th_Year\Independence Term 1\GenerativeAI\MIDTERM\Midterm_GenAI\data\UCF-101\Fencing\v_Fencing_g02_c02.avi,Fencing,2,2,gallery
C:\VU\4th_Year\Independence Term 1\GenerativeAI\MIDTERM\Midterm_GenAI\data\UCF-101\Fencing\v_Fencing_g02_c03.avi,Fencing,2,3,gallery
C:\VU\4th_Year\Independence Term 1\GenerativeAI\MIDTERM\Midterm_GenAI\data\UCF-101\Fencing\v_Fencing_g02_c04.avi,Fencing,2,4,gallery
C:\VU\4th_Year\Independence Term 1\GenerativeAI\MIDTERM\Midterm_GenAI\data\UCF-101\Fencing\v_Fencing_g02_c05.avi,Fencing,2,5,gallery
C:\VU\4th_Year\Independence Term 1\GenerativeAI\MIDTERM\Midterm_GenAI\data\UCF-101\Fencing\v_Fencing_g03_c01.avi,Fencing,3,1,query
C:\VU\4th_Year\Independence Term 1\GenerativeAI\MIDTERM\Midterm_GenAI\data\UCF-101\Fencing\v_Fencing_g03_c02.avi,Fencing,3,2,query
C:\VU\4th_Year\Independence Term 1\GenerativeAI\MIDTERM\Midterm_GenAI\data\UCF-101\Fencing\v_Fencing_g03_c03.avi,Fencing,3,3,query
C:\VU\4th_Year\Independence Term 1\GenerativeAI\MIDTERM\Midterm_GenAI\data\UCF-101\Fencing\v_Fencing_g03_c04.avi,Fencing,3,4,query
C:\VU\4th_Year\Independence Term 1\GenerativeAI\MIDTERM\Midterm_GenAI\data\UCF-101\Fencing\v_Fencing_g03_c05.avi,Fencing,3,5,query
C:\VU\4th_Year\Independence Term 1\GenerativeAI\MIDTERM\Midterm_GenAI\data\UCF-101\Fencing\v_Fencing_g04_c01.avi,Fencing,4,1,gallery
C:\VU\4th_Year\Independence Term 1\GenerativeAI\MIDTERM\Midterm_GenAI\data\UCF-101\Fencing\v_Fencing_g04_c02.avi,Fencing,4,2,gallery
C:\VU\4th_Year\Independence Term 1\GenerativeAI\MIDTERM\Midterm_GenAI\data\UCF-101\Fencing\v_Fencing_g04_c03.avi,Fencing,4,3,gallery
C:\VU\4th_Year\Independence Term 1\GenerativeAI\MIDTERM\Midterm_GenAI\data\UCF-101\Fencing\v_Fencing_g04_c04.avi,Fencing,4,4,gallery
C:\VU\4th_Year\Independence Term 1\GenerativeAI\MIDTERM\Midterm_GenAI\data\UCF-101\Fencing\v_Fencing_g04_c05.avi,Fencing,4,5,gallery
C:\VU\4th_Year\Independence Term 1\GenerativeAI\MIDTERM\Midterm_GenAI\data\UCF-101\Fencing\v_Fencing_g05_c01.avi,Fencing,5,1,query
C:\VU\4th_Year\Independence Term 1\GenerativeAI\MIDTERM\Midterm_GenAI\data\UCF-101\Fencing\v_Fencing_g05_c02.avi,Fencing,5,2,query
C:\VU\4th_Year\Independence Term 1\GenerativeAI\MIDTERM\Midterm_GenAI\data\UCF-101\Fencing\v_Fencing_g05_c03.avi,Fencing,5,3,query
C:\VU\4th_Year\Independence Term 1\GenerativeAI\MIDTERM\Midterm_GenAI\data\UCF-101\Fencing\v_Fencing_g05_c04.avi,Fencing,5,4,query
C:\VU\4th_Year\Independence Term 1\GenerativeAI\MIDTERM\Midterm_GenAI\data\UCF-101\Fencing\v_Fencing_g05_c05.avi,Fencing,5,5,query
C:\VU\4th_Year\Independence Term 1\GenerativeAI\MIDTERM\Midterm_GenAI\data\UCF-101\Fencing\v_Fencing_g06_c01.avi,Fencing,6,1,gallery
C:\VU\4th_Year\Independence Term 1\GenerativeAI\MIDTERM\Midterm_GenAI\data\UCF-101\Fencing\v_Fencing_g06_c02.avi,Fencing,6,2,gallery
C:\VU\4th_Year\Independence Term 1\GenerativeAI\MIDTERM\Midterm_GenAI\data\UCF-101\Fencing\v_Fencing_g06_c03.avi,Fencing,6,3,gallery
C:\VU\4th_Year\Independence Term 1\GenerativeAI\MIDTERM\Midterm_GenAI\data\UCF-101\Fencing\v_Fencing_g06_c04.avi,Fencing,6,4,gallery
C:\VU\4th_Year\Independence Term 1\GenerativeAI\MIDTERM\Midterm_GenAI\data\UCF-101\Fencing\v_Fencing_g07_c01.avi,Fencing,7,1,gallery
C:\VU\4th_Year\Independence Term 1\GenerativeAI\MIDTERM\Midterm_GenAI\data\UCF-101\Fencing\v_Fencing_g07_c02.avi,Fencing,7,2,gallery
C:\VU\4th_Year\Independence Term 1\GenerativeAI\MIDTERM\Midterm_GenAI\data\UCF-101\Fencing\v_Fencing_g07_c03.avi,Fencing,7,3,gallery
C:\VU\4th_Year\Independence Term 1\GenerativeAI\MIDTERM\Midterm_GenAI\data\UCF-101\Fencing\v_Fencing_g07_c04.avi,Fencing,7,4,gallery
C:\VU\4th_Year\Independence Term 1\GenerativeAI\MIDTERM\Midterm_GenAI\data\UCF-101\Fencing\v_Fencing_g08_c01.avi,Fencing,8,1,gallery
C:\VU\4th_Year\Independence Term 1\GenerativeAI\MIDTERM\Midterm_GenAI\data\UCF-101\Fencing\v_Fencing_g08_c02.avi,Fencing,8,2,gallery
C:\VU\4th_Year\Independence Term 1\GenerativeAI\MIDTERM\Midterm_GenAI\data\UCF-101\Fencing\v_Fencing_g08_c03.avi,Fencing,8,3,gallery
C:\VU\4th_Year\Independence Term 1\GenerativeAI\MIDTERM\Midterm_GenAI\data\UCF-101\Fencing\v_Fencing_g08_c04.avi,Fencing,8,4,gallery
C:\VU\4th_Year\Independence Term 1\GenerativeAI\MIDTERM\Midterm_GenAI\data\UCF-101\Fencing\v_Fencing_g09_c01.avi,Fencing,9,1,gallery
C:\VU\4th_Year\Independence Term 1\GenerativeAI\MIDTERM\Midterm_GenAI\data\UCF-101\Fencing\v_Fencing_g09_c02.avi,Fencing,9,2,gallery
C:\VU\4th_Year\Independence Term 1\GenerativeAI\MIDTERM\Midterm_GenAI\data\UCF-101\FieldHockeyPenalty\v_FieldHockeyPenalty_g01_c01.avi,FieldHockeyPenalty,1,1,gallery
C:\VU\4th_Year\Independence Term 1\GenerativeAI\MIDTERM\Midterm_GenAI\data\UCF-101\FieldHockeyPenalty\v_FieldHockeyPenalty_g01_c02.avi,FieldHockeyPenalty,1,2,gallery
C:\VU\4th_Year\Independence Term 1\GenerativeAI\MIDTERM\Midterm_GenAI\data\UCF-101\FieldHockeyPenalty\v_FieldHockeyPenalty_g01_c03.avi,FieldHockeyPenalty,1,3,gallery
C:\VU\4th_Year\Independence Term 1\GenerativeAI\MIDTERM\Midterm_GenAI\data\UCF-101\FieldHockeyPenalty\v_FieldHockeyPenalty_g01_c04.avi,FieldHockeyPenalty,1,4,gallery
C:\VU\4th_Year\Independence Term 1\GenerativeAI\MIDTERM\Midterm_GenAI\data\UCF-101\FieldHockeyPenalty\v_FieldHockeyPenalty_g01_c05.avi,FieldHockeyPenalty,1,5,gallery
C:\VU\4th_Year\Independence Term 1\GenerativeAI\MIDTERM\Midterm_GenAI\data\UCF-101\FieldHockeyPenalty\v_FieldHockeyPenalty_g02_c01.avi,FieldHockeyPenalty,2,1,gallery
C:\VU\4th_Year\Independence Term 1\GenerativeAI\MIDTERM\Midterm_GenAI\data\UCF-101\FieldHockeyPenalty\v_FieldHockeyPenalty_g02_c02.avi,FieldHockeyPenalty,2,2,gallery
C:\VU\4th_Year\Independence Term 1\GenerativeAI\MIDTERM\Midterm_GenAI\data\UCF-101\FieldHockeyPenalty\v_FieldHockeyPenalty_g02_c03.avi,FieldHockeyPenalty,2,3,gallery
C:\VU\4th_Year\Independence Term 1\GenerativeAI\MIDTERM\Midterm_GenAI\data\UCF-101\FieldHockeyPenalty\v_FieldHockeyPenalty_g02_c04.avi,FieldHockeyPenalty,2,4,gallery
C:\VU\4th_Year\Independence Term 1\GenerativeAI\MIDTERM\Midterm_GenAI\data\UCF-101\FieldHockeyPenalty\v_FieldHockeyPenalty_g02_c05.avi,FieldHockeyPenalty,2,5,gallery
C:\VU\4th_Year\Independence Term 1\GenerativeAI\MIDTERM\Midterm_GenAI\data\UCF-101\FieldHockeyPenalty\v_FieldHockeyPenalty_g02_c06.avi,FieldHockeyPenalty,2,6,gallery
C:\VU\4th_Year\Independence Term 1\GenerativeAI\MIDTERM\Midterm_GenAI\data\UCF-101\FieldHockeyPenalty\v_FieldHockeyPenalty_g03_c01.avi,FieldHockeyPenalty,3,1,gallery
C:\VU\4th_Year\Independence Term 1\GenerativeAI\MIDTERM\Midterm_GenAI\data\UCF-101\FieldHockeyPenalty\v_FieldHockeyPenalty_g03_c02.avi,FieldHockeyPenalty,3,2,gallery
C:\VU\4th_Year\Independence Term 1\GenerativeAI\MIDTERM\Midterm_GenAI\data\UCF-101\FieldHockeyPenalty\v_FieldHockeyPenalty_g03_c03.avi,FieldHockeyPenalty,3,3,gallery
C:\VU\4th_Year\Independence Term 1\GenerativeAI\MIDTERM\Midterm_GenAI\data\UCF-101\FieldHockeyPenalty\v_FieldHockeyPenalty_g03_c04.avi,FieldHockeyPenalty,3,4,gallery
C:\VU\4th_Year\Independence Term 1\GenerativeAI\MIDTERM\Midterm_GenAI\data\UCF-101\FieldHockeyPenalty\v_FieldHockeyPenalty_g04_c01.avi,FieldHockeyPenalty,4,1,gallery
C:\VU\4th_Year\Independence Term 1\GenerativeAI\MIDTERM\Midterm_GenAI\data\UCF-101\FieldHockeyPenalty\v_FieldHockeyPenalty_g04_c02.avi,FieldHockeyPenalty,4,2,gallery
C:\VU\4th_Year\Independence Term 1\GenerativeAI\MIDTERM\Midterm_GenAI\data\UCF-101\FieldHockeyPenalty\v_FieldHockeyPenalty_g04_c03.avi,FieldHockeyPenalty,4,3,gallery
C:\VU\4th_Year\Independence Term 1\GenerativeAI\MIDTERM\Midterm_GenAI\data\UCF-101\FieldHockeyPenalty\v_FieldHockeyPenalty_g04_c04.avi,FieldHockeyPenalty,4,4,gallery
C:\VU\4th_Year\Independence Term 1\GenerativeAI\MIDTERM\Midterm_GenAI\data\UCF-101\FieldHockeyPenalty\v_FieldHockeyPenalty_g04_c05.avi,FieldHockeyPenalty,4,5,gallery
C:\VU\4th_Year\Independence Term 1\GenerativeAI\MIDTERM\Midterm_GenAI\data\UCF-101\FieldHockeyPenalty\v_FieldHockeyPenalty_g04_c06.avi,FieldHockeyPenalty,4,6,gallery
C:\VU\4th_Year\Independence Term 1\GenerativeAI\MIDTERM\Midterm_GenAI\data\UCF-101\FieldHockeyPenalty\v_FieldHockeyPenalty_g04_c07.avi,FieldHockeyPenalty,4,7,gallery
C:\VU\4th_Year\Independence Term 1\GenerativeAI\MIDTERM\Midterm_GenAI\data\UCF-101\FieldHockeyPenalty\v_FieldHockeyPenalty_g05_c01.avi,FieldHockeyPenalty,5,1,query
C:\VU\4th_Year\Independence Term 1\GenerativeAI\MIDTERM\Midterm_GenAI\data\UCF-101\FieldHockeyPenalty\v_FieldHockeyPenalty_g05_c02.avi,FieldHockeyPenalty,5,2,query
C:\VU\4th_Year\Independence Term 1\GenerativeAI\MIDTERM\Midterm_GenAI\data\UCF-101\FieldHockeyPenalty\v_FieldHockeyPenalty_g05_c03.avi,FieldHockeyPenalty,5,3,query
C:\VU\4th_Year\Independence Term 1\GenerativeAI\MIDTERM\Midterm_GenAI\data\UCF-101\FieldHockeyPenalty\v_FieldHockeyPenalty_g05_c04.avi,FieldHockeyPenalty,5,4,query
C:\VU\4th_Year\Independence Term 1\GenerativeAI\MIDTERM\Midterm_GenAI\data\UCF-101\FieldHockeyPenalty\v_FieldHockeyPenalty_g05_c05.avi,FieldHockeyPenalty,5,5,query
C:\VU\4th_Year\Independence Term 1\GenerativeAI\MIDTERM\Midterm_GenAI\data\UCF-101\FieldHockeyPenalty\v_FieldHockeyPenalty_g05_c06.avi,FieldHockeyPenalty,5,6,query
C:\VU\4th_Year\Independence Term 1\GenerativeAI\MIDTERM\Midterm_GenAI\data\UCF-101\FieldHockeyPenalty\v_FieldHockeyPenalty_g05_c07.avi,FieldHockeyPenalty,5,7,query
C:\VU\4th_Year\Independence Term 1\GenerativeAI\MIDTERM\Midterm_GenAI\data\UCF-101\FieldHockeyPenalty\v_FieldHockeyPenalty_g06_c01.avi,FieldHockeyPenalty,6,1,gallery
C:\VU\4th_Year\Independence Term 1\GenerativeAI\MIDTERM\Midterm_GenAI\data\UCF-101\FieldHockeyPenalty\v_FieldHockeyPenalty_g06_c02.avi,FieldHockeyPenalty,6,2,gallery
C:\VU\4th_Year\Independence Term 1\GenerativeAI\MIDTERM\Midterm_GenAI\data\UCF-101\FieldHockeyPenalty\v_FieldHockeyPenalty_g06_c03.avi,FieldHockeyPenalty,6,3,gallery
C:\VU\4th_Year\Independence Term 1\GenerativeAI\MIDTERM\Midterm_GenAI\data\UCF-101\FieldHockeyPenalty\v_FieldHockeyPenalty_g06_c04.avi,FieldHockeyPenalty,6,4,gallery
C:\VU\4th_Year\Independence Term 1\GenerativeAI\MIDTERM\Midterm_GenAI\data\UCF-101\FieldHockeyPenalty\v_FieldHockeyPenalty_g06_c05.avi,FieldHockeyPenalty,6,5,gallery
C:\VU\4th_Year\Independence Term 1\GenerativeAI\MIDTERM\Midterm_GenAI\data\UCF-101\FieldHockeyPenalty\v_FieldHockeyPenalty_g06_c06.avi,FieldHockeyPenalty,6,6,gallery
C:\VU\4th_Year\Independence Term 1\GenerativeAI\MIDTERM\Midterm_GenAI\data\UCF-101\FieldHockeyPenalty\v_FieldHockeyPenalty_g06_c07.avi,FieldHockeyPenalty,6,7,gallery
C:\VU\4th_Year\Independence Term 1\GenerativeAI\MIDTERM\Midterm_GenAI\data\UCF-101\FieldHockeyPenalty\v_FieldHockeyPenalty_g07_c01.avi,FieldHockeyPenalty,7,1,query
C:\VU\4th_Year\Independence Term 1\GenerativeAI\MIDTERM\Midterm_GenAI\data\UCF-101\FieldHockeyPenalty\v_FieldHockeyPenalty_g07_c02.avi,FieldHockeyPenalty,7,2,query
C:\VU\4th_Year\Independence Term 1\GenerativeAI\MIDTERM\Midterm_GenAI\data\UCF-101\FieldHockeyPenalty\v_FieldHockeyPenalty_g07_c03.avi,FieldHockeyPenalty,7,3,query
C:\VU\4th_Year\Independence Term 1\GenerativeAI\MIDTERM\Midterm_GenAI\data\UCF-101\FieldHockeyPenalty\v_FieldHockeyPenalty_g07_c04.avi,FieldHockeyPenalty,7,4,query
C:\VU\4th_Year\Independence Term 1\GenerativeAI\MIDTERM\Midterm_GenAI\data\UCF-101\FloorGymnastics\v_FloorGymnastics_g01_c01.avi,FloorGymnastics,1,1,gallery
C:\VU\4th_Year\Independence Term 1\GenerativeAI\MIDTERM\Midterm_GenAI\data\UCF-101\FloorGymnastics\v_FloorGymnastics_g01_c02.avi,FloorGymnastics,1,2,gallery
C:\VU\4th_Year\Independence Term 1\GenerativeAI\MIDTERM\Midterm_GenAI\data\UCF-101\FloorGymnastics\v_FloorGymnastics_g01_c03.avi,FloorGymnastics,1,3,gallery
C:\VU\4th_Year\Independence Term 1\GenerativeAI\MIDTERM\Midterm_GenAI\data\UCF-101\FloorGymnastics\v_FloorGymnastics_g01_c04.avi,FloorGymnastics,1,4,gallery
C:\VU\4th_Year\Independence Term 1\GenerativeAI\MIDTERM\Midterm_GenAI\data\UCF-101\FloorGymnastics\v_FloorGymnastics_g01_c05.avi,FloorGymnastics,1,5,gallery
C:\VU\4th_Year\Independence Term 1\GenerativeAI\MIDTERM\Midterm_GenAI\data\UCF-101\FloorGymnastics\v_FloorGymnastics_g02_c01.avi,FloorGymnastics,2,1,gallery
C:\VU\4th_Year\Independence Term 1\GenerativeAI\MIDTERM\Midterm_GenAI\data\UCF-101\FloorGymnastics\v_FloorGymnastics_g02_c02.avi,FloorGymnastics,2,2,gallery
C:\VU\4th_Year\Independence Term 1\GenerativeAI\MIDTERM\Midterm_GenAI\data\UCF-101\FloorGymnastics\v_FloorGymnastics_g02_c03.avi,FloorGymnastics,2,3,gallery
C:\VU\4th_Year\Independence Term 1\GenerativeAI\MIDTERM\Midterm_GenAI\data\UCF-101\FloorGymnastics\v_FloorGymnastics_g02_c04.avi,FloorGymnastics,2,4,gallery
C:\VU\4th_Year\Independence Term 1\GenerativeAI\MIDTERM\Midterm_GenAI\data\UCF-101\FloorGymnastics\v_FloorGymnastics_g03_c01.avi,FloorGymnastics,3,1,query
C:\VU\4th_Year\Independence Term 1\GenerativeAI\MIDTERM\Midterm_GenAI\data\UCF-101\FloorGymnastics\v_FloorGymnastics_g03_c02.avi,FloorGymnastics,3,2,query
C:\VU\4th_Year\Independence Term 1\GenerativeAI\MIDTERM\Midterm_GenAI\data\UCF-101\FloorGymnastics\v_FloorGymnastics_g03_c03.avi,FloorGymnastics,3,3,query
C:\VU\4th_Year\Independence Term 1\GenerativeAI\MIDTERM\Midterm_GenAI\data\UCF-101\FloorGymnastics\v_FloorGymnastics_g03_c04.avi,FloorGymnastics,3,4,query
C:\VU\4th_Year\Independence Term 1\GenerativeAI\MIDTERM\Midterm_GenAI\data\UCF-101\FloorGymnastics\v_FloorGymnastics_g04_c01.avi,FloorGymnastics,4,1,gallery
C:\VU\4th_Year\Independence Term 1\GenerativeAI\MIDTERM\Midterm_GenAI\data\UCF-101\FloorGymnastics\v_FloorGymnastics_g04_c02.avi,FloorGymnastics,4,2,gallery
C:\VU\4th_Year\Independence Term 1\GenerativeAI\MIDTERM\Midterm_GenAI\data\UCF-101\FloorGymnastics\v_FloorGymnastics_g04_c03.avi,FloorGymnastics,4,3,gallery
C:\VU\4th_Year\Independence Term 1\GenerativeAI\MIDTERM\Midterm_GenAI\data\UCF-101\FloorGymnastics\v_FloorGymnastics_g04_c04.avi,FloorGymnastics,4,4,gallery
C:\VU\4th_Year\Independence Term 1\GenerativeAI\MIDTERM\Midterm_GenAI\data\UCF-101\FloorGymnastics\v_FloorGymnastics_g04_c05.avi,FloorGymnastics,4,5,gallery
C:\VU\4th_Year\Independence Term 1\GenerativeAI\MIDTERM\Midterm_GenAI\data\UCF-101\FloorGymnastics\v_FloorGymnastics_g05_c01.avi,FloorGymnastics,5,1,gallery
C:\VU\4th_Year\Independence Term 1\GenerativeAI\MIDTERM\Midterm_GenAI\data\UCF-101\FloorGymnastics\v_FloorGymnastics_g05_c02.avi,FloorGymnastics,5,2,gallery
C:\VU\4th_Year\Independence Term 1\GenerativeAI\MIDTERM\Midterm_GenAI\data\UCF-101\FloorGymnastics\v_FloorGymnastics_g05_c03.avi,FloorGymnastics,5,3,gallery
C:\VU\4th_Year\Independence Term 1\GenerativeAI\MIDTERM\Midterm_GenAI\data\UCF-101\FloorGymnastics\v_FloorGymnastics_g05_c04.avi,FloorGymnastics,5,4,gallery
C:\VU\4th_Year\Independence Term 1\GenerativeAI\MIDTERM\Midterm_GenAI\data\UCF-101\FloorGymnastics\v_FloorGymnastics_g06_c01.avi,FloorGymnastics,6,1,gallery
C:\VU\4th_Year\Independence Term 1\GenerativeAI\MIDTERM\Midterm_GenAI\data\UCF-101\FloorGymnastics\v_FloorGymnastics_g06_c02.avi,FloorGymnastics,6,2,gallery
C:\VU\4th_Year\Independence Term 1\GenerativeAI\MIDTERM\Midterm_GenAI\data\UCF-101\FloorGymnastics\v_FloorGymnastics_g06_c03.avi,FloorGymnastics,6,3,gallery
C:\VU\4th_Year\Independence Term 1\GenerativeAI\MIDTERM\Midterm_GenAI\data\UCF-101\FloorGymnastics\v_FloorGymnastics_g06_c04.avi,FloorGymnastics,6,4,gallery
C:\VU\4th_Year\Independence Term 1\GenerativeAI\MIDTERM\Midterm_GenAI\data\UCF-101\FloorGymnastics\v_FloorGymnastics_g06_c05.avi,FloorGymnastics,6,5,gallery
C:\VU\4th_Year\Independence Term 1\GenerativeAI\MIDTERM\Midterm_GenAI\data\UCF-101\FloorGymnastics\v_FloorGymnastics_g06_c06.avi,FloorGymnastics,6,6,gallery
C:\VU\4th_Year\Independence Term 1\GenerativeAI\MIDTERM\Midterm_GenAI\data\UCF-101\FloorGymnastics\v_FloorGymnastics_g06_c07.avi,FloorGymnastics,6,7,gallery
C:\VU\4th_Year\Independence Term 1\GenerativeAI\MIDTERM\Midterm_GenAI\data\UCF-101\FloorGymnastics\v_FloorGymnastics_g07_c01.avi,FloorGymnastics,7,1,query
C:\VU\4th_Year\Independence Term 1\GenerativeAI\MIDTERM\Midterm_GenAI\data\UCF-101\FloorGymnastics\v_FloorGymnastics_g07_c02.avi,FloorGymnastics,7,2,query
C:\VU\4th_Year\Independence Term 1\GenerativeAI\MIDTERM\Midterm_GenAI\data\UCF-101\FloorGymnastics\v_FloorGymnastics_g07_c03.avi,FloorGymnastics,7,3,query
C:\VU\4th_Year\Independence Term 1\GenerativeAI\MIDTERM\Midterm_GenAI\data\UCF-101\FloorGymnastics\v_FloorGymnastics_g07_c04.avi,FloorGymnastics,7,4,query
C:\VU\4th_Year\Independence Term 1\GenerativeAI\MIDTERM\Midterm_GenAI\data\UCF-101\FloorGymnastics\v_FloorGymnastics_g07_c05.avi,FloorGymnastics,7,5,query
C:\VU\4th_Year\Independence Term 1\GenerativeAI\MIDTERM\Midterm_GenAI\data\UCF-101\FloorGymnastics\v_FloorGymnastics_g07_c06.avi,FloorGymnastics,7,6,query
C:\VU\4th_Year\Independence Term 1\GenerativeAI\MIDTERM\Midterm_GenAI\data\UCF-101\FloorGymnastics\v_FloorGymnastics_g07_c07.avi,FloorGymnastics,7,7,query
C:\VU\4th_Year\Independence Term 1\GenerativeAI\MIDTERM\Midterm_GenAI\data\UCF-101\FloorGymnastics\v_FloorGymnastics_g08_c01.avi,FloorGymnastics,8,1,gallery
C:\VU\4th_Year\Independence Term 1\GenerativeAI\MIDTERM\Midterm_GenAI\data\UCF-101\FloorGymnastics\v_FloorGymnastics_g08_c02.avi,FloorGymnastics,8,2,gallery
C:\VU\4th_Year\Independence Term 1\GenerativeAI\MIDTERM\Midterm_GenAI\data\UCF-101\FloorGymnastics\v_FloorGymnastics_g08_c03.avi,FloorGymnastics,8,3,gallery
C:\VU\4th_Year\Independence Term 1\GenerativeAI\MIDTERM\Midterm_GenAI\data\UCF-101\FloorGymnastics\v_FloorGymnastics_g08_c04.avi,FloorGymnastics,8,4,gallery
C:\VU\4th_Year\Independence Term 1\GenerativeAI\MIDTERM\Midterm_GenAI\data\UCF-101\FrisbeeCatch\v_FrisbeeCatch_g01_c01.avi,FrisbeeCatch,1,1,gallery
C:\VU\4th_Year\Independence Term 1\GenerativeAI\MIDTERM\Midterm_GenAI\data\UCF-101\FrisbeeCatch\v_FrisbeeCatch_g01_c02.avi,FrisbeeCatch,1,2,gallery
C:\VU\4th_Year\Independence Term 1\GenerativeAI\MIDTERM\Midterm_GenAI\data\UCF-101\FrisbeeCatch\v_FrisbeeCatch_g01_c03.avi,FrisbeeCatch,1,3,gallery
C:\VU\4th_Year\Independence Term 1\GenerativeAI\MIDTERM\Midterm_GenAI\data\UCF-101\FrisbeeCatch\v_FrisbeeCatch_g01_c04.avi,FrisbeeCatch,1,4,gallery
C:\VU\4th_Year\Independence Term 1\GenerativeAI\MIDTERM\Midterm_GenAI\data\UCF-101\FrisbeeCatch\v_FrisbeeCatch_g01_c05.avi,FrisbeeCatch,1,5,gallery
C:\VU\4th_Year\Independence Term 1\GenerativeAI\MIDTERM\Midterm_GenAI\data\UCF-101\FrisbeeCatch\v_FrisbeeCatch_g01_c06.avi,FrisbeeCatch,1,6,gallery
C:\VU\4th_Year\Independence Term 1\GenerativeAI\MIDTERM\Midterm_GenAI\data\UCF-101\FrisbeeCatch\v_FrisbeeCatch_g02_c01.avi,FrisbeeCatch,2,1,gallery
C:\VU\4th_Year\Independence Term 1\GenerativeAI\MIDTERM\Midterm_GenAI\data\UCF-101\FrisbeeCatch\v_FrisbeeCatch_g02_c02.avi,FrisbeeCatch,2,2,gallery
C:\VU\4th_Year\Independence Term 1\GenerativeAI\MIDTERM\Midterm_GenAI\data\UCF-101\FrisbeeCatch\v_FrisbeeCatch_g02_c03.avi,FrisbeeCatch,2,3,gallery
C:\VU\4th_Year\Independence Term 1\GenerativeAI\MIDTERM\Midterm_GenAI\data\UCF-101\FrisbeeCatch\v_FrisbeeCatch_g02_c04.avi,FrisbeeCatch,2,4,gallery
C:\VU\4th_Year\Independence Term 1\GenerativeAI\MIDTERM\Midterm_GenAI\data\UCF-101\FrisbeeCatch\v_FrisbeeCatch_g02_c05.avi,FrisbeeCatch,2,5,gallery
C:\VU\4th_Year\Independence Term 1\GenerativeAI\MIDTERM\Midterm_GenAI\data\UCF-101\FrisbeeCatch\v_FrisbeeCatch_g03_c01.avi,FrisbeeCatch,3,1,query
C:\VU\4th_Year\Independence Term 1\GenerativeAI\MIDTERM\Midterm_GenAI\data\UCF-101\FrisbeeCatch\v_FrisbeeCatch_g03_c02.avi,FrisbeeCatch,3,2,query
C:\VU\4th_Year\Independence Term 1\GenerativeAI\MIDTERM\Midterm_GenAI\data\UCF-101\FrisbeeCatch\v_FrisbeeCatch_g03_c03.avi,FrisbeeCatch,3,3,query
C:\VU\4th_Year\Independence Term 1\GenerativeAI\MIDTERM\Midterm_GenAI\data\UCF-101\FrisbeeCatch\v_FrisbeeCatch_g03_c04.avi,FrisbeeCatch,3,4,query
C:\VU\4th_Year\Independence Term 1\GenerativeAI\MIDTERM\Midterm_GenAI\data\UCF-101\FrisbeeCatch\v_FrisbeeCatch_g03_c05.avi,FrisbeeCatch,3,5,query
C:\VU\4th_Year\Independence Term 1\GenerativeAI\MIDTERM\Midterm_GenAI\data\UCF-101\FrisbeeCatch\v_FrisbeeCatch_g04_c01.avi,FrisbeeCatch,4,1,gallery
C:\VU\4th_Year\Independence Term 1\GenerativeAI\MIDTERM\Midterm_GenAI\data\UCF-101\FrisbeeCatch\v_FrisbeeCatch_g04_c02.avi,FrisbeeCatch,4,2,gallery
C:\VU\4th_Year\Independence Term 1\GenerativeAI\MIDTERM\Midterm_GenAI\data\UCF-101\FrisbeeCatch\v_FrisbeeCatch_g04_c03.avi,FrisbeeCatch,4,3,gallery
C:\VU\4th_Year\Independence Term 1\GenerativeAI\MIDTERM\Midterm_GenAI\data\UCF-101\FrisbeeCatch\v_FrisbeeCatch_g04_c04.avi,FrisbeeCatch,4,4,gallery
C:\VU\4th_Year\Independence Term 1\GenerativeAI\MIDTERM\Midterm_GenAI\data\UCF-101\FrisbeeCatch\v_FrisbeeCatch_g04_c05.avi,FrisbeeCatch,4,5,gallery
C:\VU\4th_Year\Independence Term 1\GenerativeAI\MIDTERM\Midterm_GenAI\data\UCF-101\FrisbeeCatch\v_FrisbeeCatch_g05_c01.avi,FrisbeeCatch,5,1,gallery
C:\VU\4th_Year\Independence Term 1\GenerativeAI\MIDTERM\Midterm_GenAI\data\UCF-101\FrisbeeCatch\v_FrisbeeCatch_g05_c02.avi,FrisbeeCatch,5,2,gallery
C:\VU\4th_Year\Independence Term 1\GenerativeAI\MIDTERM\Midterm_GenAI\data\UCF-101\FrisbeeCatch\v_FrisbeeCatch_g05_c03.avi,FrisbeeCatch,5,3,gallery
C:\VU\4th_Year\Independence Term 1\GenerativeAI\MIDTERM\Midterm_GenAI\data\UCF-101\FrisbeeCatch\v_FrisbeeCatch_g05_c04.avi,FrisbeeCatch,5,4,gallery
C:\VU\4th_Year\Independence Term 1\GenerativeAI\MIDTERM\Midterm_GenAI\data\UCF-101\FrisbeeCatch\v_FrisbeeCatch_g05_c05.avi,FrisbeeCatch,5,5,gallery
C:\VU\4th_Year\Independence Term 1\GenerativeAI\MIDTERM\Midterm_GenAI\data\UCF-101\FrisbeeCatch\v_FrisbeeCatch_g06_c01.avi,FrisbeeCatch,6,1,gallery
C:\VU\4th_Year\Independence Term 1\GenerativeAI\MIDTERM\Midterm_GenAI\data\UCF-101\FrisbeeCatch\v_FrisbeeCatch_g06_c02.avi,FrisbeeCatch,6,2,gallery
C:\VU\4th_Year\Independence Term 1\GenerativeAI\MIDTERM\Midterm_GenAI\data\UCF-101\FrisbeeCatch\v_FrisbeeCatch_g06_c03.avi,FrisbeeCatch,6,3,gallery
C:\VU\4th_Year\Independence Term 1\GenerativeAI\MIDTERM\Midterm_GenAI\data\UCF-101\FrisbeeCatch\v_FrisbeeCatch_g06_c04.avi,FrisbeeCatch,6,4,gallery
C:\VU\4th_Year\Independence Term 1\GenerativeAI\MIDTERM\Midterm_GenAI\data\UCF-101\FrisbeeCatch\v_FrisbeeCatch_g06_c05.avi,FrisbeeCatch,6,5,gallery
C:\VU\4th_Year\Independence Term 1\GenerativeAI\MIDTERM\Midterm_GenAI\data\UCF-101\FrisbeeCatch\v_FrisbeeCatch_g07_c01.avi,FrisbeeCatch,7,1,gallery
C:\VU\4th_Year\Independence Term 1\GenerativeAI\MIDTERM\Midterm_GenAI\data\UCF-101\FrisbeeCatch\v_FrisbeeCatch_g07_c02.avi,FrisbeeCatch,7,2,gallery
C:\VU\4th_Year\Independence Term 1\GenerativeAI\MIDTERM\Midterm_GenAI\data\UCF-101\FrisbeeCatch\v_FrisbeeCatch_g07_c03.avi,FrisbeeCatch,7,3,gallery
C:\VU\4th_Year\Independence Term 1\GenerativeAI\MIDTERM\Midterm_GenAI\data\UCF-101\FrisbeeCatch\v_FrisbeeCatch_g07_c04.avi,FrisbeeCatch,7,4,gallery
C:\VU\4th_Year\Independence Term 1\GenerativeAI\MIDTERM\Midterm_GenAI\data\UCF-101\FrisbeeCatch\v_FrisbeeCatch_g07_c05.avi,FrisbeeCatch,7,5,gallery
C:\VU\4th_Year\Independence Term 1\GenerativeAI\MIDTERM\Midterm_GenAI\data\UCF-101\FrisbeeCatch\v_FrisbeeCatch_g07_c06.avi,FrisbeeCatch,7,6,gallery
C:\VU\4th_Year\Independence Term 1\GenerativeAI\MIDTERM\Midterm_GenAI\data\UCF-101\FrisbeeCatch\v_FrisbeeCatch_g08_c01.avi,FrisbeeCatch,8,1,query
C:\VU\4th_Year\Independence Term 1\GenerativeAI\MIDTERM\Midterm_GenAI\data\UCF-101\FrisbeeCatch\v_FrisbeeCatch_g08_c02.avi,FrisbeeCatch,8,2,query
C:\VU\4th_Year\Independence Term 1\GenerativeAI\MIDTERM\Midterm_GenAI\data\UCF-101\FrisbeeCatch\v_FrisbeeCatch_g08_c03.avi,FrisbeeCatch,8,3,query
C:\VU\4th_Year\Independence Term 1\GenerativeAI\MIDTERM\Midterm_GenAI\data\UCF-101\FrontCrawl\v_FrontCrawl_g01_c01.avi,FrontCrawl,1,1,gallery
C:\VU\4th_Year\Independence Term 1\GenerativeAI\MIDTERM\Midterm_GenAI\data\UCF-101\FrontCrawl\v_FrontCrawl_g01_c02.avi,FrontCrawl,1,2,gallery
C:\VU\4th_Year\Independence Term 1\GenerativeAI\MIDTERM\Midterm_GenAI\data\UCF-101\FrontCrawl\v_FrontCrawl_g01_c03.avi,FrontCrawl,1,3,gallery
C:\VU\4th_Year\Independence Term 1\GenerativeAI\MIDTERM\Midterm_GenAI\data\UCF-101\FrontCrawl\v_FrontCrawl_g01_c04.avi,FrontCrawl,1,4,gallery
C:\VU\4th_Year\Independence Term 1\GenerativeAI\MIDTERM\Midterm_GenAI\data\UCF-101\FrontCrawl\v_FrontCrawl_g02_c01.avi,FrontCrawl,2,1,query
C:\VU\4th_Year\Independence Term 1\GenerativeAI\MIDTERM\Midterm_GenAI\data\UCF-101\FrontCrawl\v_FrontCrawl_g02_c02.avi,FrontCrawl,2,2,query
C:\VU\4th_Year\Independence Term 1\GenerativeAI\MIDTERM\Midterm_GenAI\data\UCF-101\FrontCrawl\v_FrontCrawl_g02_c03.avi,FrontCrawl,2,3,query
C:\VU\4th_Year\Independence Term 1\GenerativeAI\MIDTERM\Midterm_GenAI\data\UCF-101\FrontCrawl\v_FrontCrawl_g02_c04.avi,FrontCrawl,2,4,query
C:\VU\4th_Year\Independence Term 1\GenerativeAI\MIDTERM\Midterm_GenAI\data\UCF-101\FrontCrawl\v_FrontCrawl_g03_c01.avi,FrontCrawl,3,1,gallery
C:\VU\4th_Year\Independence Term 1\GenerativeAI\MIDTERM\Midterm_GenAI\data\UCF-101\FrontCrawl\v_FrontCrawl_g03_c02.avi,FrontCrawl,3,2,gallery
C:\VU\4th_Year\Independence Term 1\GenerativeAI\MIDTERM\Midterm_GenAI\data\UCF-101\FrontCrawl\v_FrontCrawl_g03_c03.avi,FrontCrawl,3,3,gallery
C:\VU\4th_Year\Independence Term 1\GenerativeAI\MIDTERM\Midterm_GenAI\data\UCF-101\FrontCrawl\v_FrontCrawl_g03_c04.avi,FrontCrawl,3,4,gallery
C:\VU\4th_Year\Independence Term 1\GenerativeAI\MIDTERM\Midterm_GenAI\data\UCF-101\FrontCrawl\v_FrontCrawl_g03_c05.avi,FrontCrawl,3,5,gallery
C:\VU\4th_Year\Independence Term 1\GenerativeAI\MIDTERM\Midterm_GenAI\data\UCF-101\FrontCrawl\v_FrontCrawl_g03_c06.avi,FrontCrawl,3,6,gallery
C:\VU\4th_Year\Independence Term 1\GenerativeAI\MIDTERM\Midterm_GenAI\data\UCF-101\FrontCrawl\v_FrontCrawl_g04_c01.avi,FrontCrawl,4,1,gallery
C:\VU\4th_Year\Independence Term 1\GenerativeAI\MIDTERM\Midterm_GenAI\data\UCF-101\FrontCrawl\v_FrontCrawl_g04_c02.avi,FrontCrawl,4,2,gallery
C:\VU\4th_Year\Independence Term 1\GenerativeAI\MIDTERM\Midterm_GenAI\data\UCF-101\FrontCrawl\v_FrontCrawl_g04_c03.avi,FrontCrawl,4,3,gallery
C:\VU\4th_Year\Independence Term 1\GenerativeAI\MIDTERM\Midterm_GenAI\data\UCF-101\FrontCrawl\v_FrontCrawl_g04_c04.avi,FrontCrawl,4,4,gallery
C:\VU\4th_Year\Independence Term 1\GenerativeAI\MIDTERM\Midterm_GenAI\data\UCF-101\FrontCrawl\v_FrontCrawl_g04_c05.avi,FrontCrawl,4,5,gallery
C:\VU\4th_Year\Independence Term 1\GenerativeAI\MIDTERM\Midterm_GenAI\data\UCF-101\FrontCrawl\v_FrontCrawl_g04_c06.avi,FrontCrawl,4,6,gallery
C:\VU\4th_Year\Independence Term 1\GenerativeAI\MIDTERM\Midterm_GenAI\data\UCF-101\FrontCrawl\v_FrontCrawl_g04_c07.avi,FrontCrawl,4,7,gallery
C:\VU\4th_Year\Independence Term 1\GenerativeAI\MIDTERM\Midterm_GenAI\data\UCF-101\FrontCrawl\v_FrontCrawl_g05_c01.avi,FrontCrawl,5,1,gallery
C:\VU\4th_Year\Independence Term 1\GenerativeAI\MIDTERM\Midterm_GenAI\data\UCF-101\FrontCrawl\v_FrontCrawl_g05_c02.avi,FrontCrawl,5,2,gallery
C:\VU\4th_Year\Independence Term 1\GenerativeAI\MIDTERM\Midterm_GenAI\data\UCF-101\FrontCrawl\v_FrontCrawl_g05_c03.avi,FrontCrawl,5,3,gallery
C:\VU\4th_Year\Independence Term 1\GenerativeAI\MIDTERM\Midterm_GenAI\data\UCF-101\FrontCrawl\v_FrontCrawl_g05_c04.avi,FrontCrawl,5,4,gallery
C:\VU\4th_Year\Independence Term 1\GenerativeAI\MIDTERM\Midterm_GenAI\data\UCF-101\FrontCrawl\v_FrontCrawl_g06_c01.avi,FrontCrawl,6,1,query
C:\VU\4th_Year\Independence Term 1\GenerativeAI\MIDTERM\Midterm_GenAI\data\UCF-101\FrontCrawl\v_FrontCrawl_g06_c02.avi,FrontCrawl,6,2,query
C:\VU\4th_Year\Independence Term 1\GenerativeAI\MIDTERM\Midterm_GenAI\data\UCF-101\FrontCrawl\v_FrontCrawl_g06_c03.avi,FrontCrawl,6,3,query
C:\VU\4th_Year\Independence Term 1\GenerativeAI\MIDTERM\Midterm_GenAI\data\UCF-101\FrontCrawl\v_FrontCrawl_g06_c04.avi,FrontCrawl,6,4,query
C:\VU\4th_Year\Independence Term 1\GenerativeAI\MIDTERM\Midterm_GenAI\data\UCF-101\FrontCrawl\v_FrontCrawl_g06_c05.avi,FrontCrawl,6,5,query
C:\VU\4th_Year\Independence Term 1\GenerativeAI\MIDTERM\Midterm_GenAI\data\UCF-101\FrontCrawl\v_FrontCrawl_g07_c01.avi,FrontCrawl,7,1,gallery
C:\VU\4th_Year\Independence Term 1\GenerativeAI\MIDTERM\Midterm_GenAI\data\UCF-101\FrontCrawl\v_FrontCrawl_g07_c02.avi,FrontCrawl,7,2,gallery
C:\VU\4th_Year\Independence Term 1\GenerativeAI\MIDTERM\Midterm_GenAI\data\UCF-101\FrontCrawl\v_FrontCrawl_g07_c03.avi,FrontCrawl,7,3,gallery
C:\VU\4th_Year\Independence Term 1\GenerativeAI\MIDTERM\Midterm_GenAI\data\UCF-101\FrontCrawl\v_FrontCrawl_g07_c04.avi,FrontCrawl,7,4,gallery
C:\VU\4th_Year\Independence Term 1\GenerativeAI\MIDTERM\Midterm_GenAI\data\UCF-101\FrontCrawl\v_FrontCrawl_g07_c05.avi,FrontCrawl,7,5,gallery
C:\VU\4th_Year\Independence Term 1\GenerativeAI\MIDTERM\Midterm_GenAI\data\UCF-101\FrontCrawl\v_FrontCrawl_g07_c06.avi,FrontCrawl,7,6,gallery
C:\VU\4th_Year\Independence Term 1\GenerativeAI\MIDTERM\Midterm_GenAI\data\UCF-101\FrontCrawl\v_FrontCrawl_g07_c07.avi,FrontCrawl,7,7,gallery
C:\VU\4th_Year\Independence Term 1\GenerativeAI\MIDTERM\Midterm_GenAI\data\UCF-101\FrontCrawl\v_FrontCrawl_g08_c01.avi,FrontCrawl,8,1,gallery
C:\VU\4th_Year\Independence Term 1\GenerativeAI\MIDTERM\Midterm_GenAI\data\UCF-101\FrontCrawl\v_FrontCrawl_g08_c02.avi,FrontCrawl,8,2,gallery
C:\VU\4th_Year\Independence Term 1\GenerativeAI\MIDTERM\Midterm_GenAI\data\UCF-101\FrontCrawl\v_FrontCrawl_g08_c03.avi,FrontCrawl,8,3,gallery
C:\VU\4th_Year\Independence Term 1\GenerativeAI\MIDTERM\Midterm_GenAI\data\UCF-101\GolfSwing\v_GolfSwing_g01_c01.avi,GolfSwing,1,1,query
C:\VU\4th_Year\Independence Term 1\GenerativeAI\MIDTERM\Midterm_GenAI\data\UCF-101\GolfSwing\v_GolfSwing_g01_c02.avi,GolfSwing,1,2,query
C:\VU\4th_Year\Independence Term 1\GenerativeAI\MIDTERM\Midterm_GenAI\data\UCF-101\GolfSwing\v_GolfSwing_g01_c03.avi,GolfSwing,1,3,query
C:\VU\4th_Year\Independence Term 1\GenerativeAI\MIDTERM\Midterm_GenAI\data\UCF-101\GolfSwing\v_GolfSwing_g01_c04.avi,GolfSwing,1,4,query
C:\VU\4th_Year\Independence Term 1\GenerativeAI\MIDTERM\Midterm_GenAI\data\UCF-101\GolfSwing\v_GolfSwing_g01_c05.avi,GolfSwing,1,5,query
C:\VU\4th_Year\Independence Term 1\GenerativeAI\MIDTERM\Midterm_GenAI\data\UCF-101\GolfSwing\v_GolfSwing_g01_c06.avi,GolfSwing,1,6,query
C:\VU\4th_Year\Independence Term 1\GenerativeAI\MIDTERM\Midterm_GenAI\data\UCF-101\GolfSwing\v_GolfSwing_g02_c01.avi,GolfSwing,2,1,gallery
C:\VU\4th_Year\Independence Term 1\GenerativeAI\MIDTERM\Midterm_GenAI\data\UCF-101\GolfSwing\v_GolfSwing_g02_c02.avi,GolfSwing,2,2,gallery
C:\VU\4th_Year\Independence Term 1\GenerativeAI\MIDTERM\Midterm_GenAI\data\UCF-101\GolfSwing\v_GolfSwing_g02_c03.avi,GolfSwing,2,3,gallery
C:\VU\4th_Year\Independence Term 1\GenerativeAI\MIDTERM\Midterm_GenAI\data\UCF-101\GolfSwing\v_GolfSwing_g02_c04.avi,GolfSwing,2,4,gallery
C:\VU\4th_Year\Independence Term 1\GenerativeAI\MIDTERM\Midterm_GenAI\data\UCF-101\GolfSwing\v_GolfSwing_g03_c01.avi,GolfSwing,3,1,gallery
C:\VU\4th_Year\Independence Term 1\GenerativeAI\MIDTERM\Midterm_GenAI\data\UCF-101\GolfSwing\v_GolfSwing_g03_c02.avi,GolfSwing,3,2,gallery
C:\VU\4th_Year\Independence Term 1\GenerativeAI\MIDTERM\Midterm_GenAI\data\UCF-101\GolfSwing\v_GolfSwing_g03_c03.avi,GolfSwing,3,3,gallery
C:\VU\4th_Year\Independence Term 1\GenerativeAI\MIDTERM\Midterm_GenAI\data\UCF-101\GolfSwing\v_GolfSwing_g03_c04.avi,GolfSwing,3,4,gallery
C:\VU\4th_Year\Independence Term 1\GenerativeAI\MIDTERM\Midterm_GenAI\data\UCF-101\GolfSwing\v_GolfSwing_g03_c05.avi,GolfSwing,3,5,gallery
C:\VU\4th_Year\Independence Term 1\GenerativeAI\MIDTERM\Midterm_GenAI\data\UCF-101\GolfSwing\v_GolfSwing_g03_c06.avi,GolfSwing,3,6,gallery
C:\VU\4th_Year\Independence Term 1\GenerativeAI\MIDTERM\Midterm_GenAI\data\UCF-101\GolfSwing\v_GolfSwing_g03_c07.avi,GolfSwing,3,7,gallery
C:\VU\4th_Year\Independence Term 1\GenerativeAI\MIDTERM\Midterm_GenAI\data\UCF-101\GolfSwing\v_GolfSwing_g04_c01.avi,GolfSwing,4,1,gallery
C:\VU\4th_Year\Independence Term 1\GenerativeAI\MIDTERM\Midterm_GenAI\data\UCF-101\GolfSwing\v_GolfSwing_g04_c02.avi,GolfSwing,4,2,gallery
C:\VU\4th_Year\Independence Term 1\GenerativeAI\MIDTERM\Midterm_GenAI\data\UCF-101\GolfSwing\v_GolfSwing_g04_c03.avi,GolfSwing,4,3,gallery
C:\VU\4th_Year\Independence Term 1\GenerativeAI\MIDTERM\Midterm_GenAI\data\UCF-101\GolfSwing\v_GolfSwing_g04_c04.avi,GolfSwing,4,4,gallery
C:\VU\4th_Year\Independence Term 1\GenerativeAI\MIDTERM\Midterm_GenAI\data\UCF-101\GolfSwing\v_GolfSwing_g04_c05.avi,GolfSwing,4,5,gallery
C:\VU\4th_Year\Independence Term 1\GenerativeAI\MIDTERM\Midterm_GenAI\data\UCF-101\GolfSwing\v_GolfSwing_g04_c06.avi,GolfSwing,4,6,gallery
C:\VU\4th_Year\Independence Term 1\GenerativeAI\MIDTERM\Midterm_GenAI\data\UCF-101\GolfSwing\v_GolfSwing_g05_c01.avi,GolfSwing,5,1,gallery
C:\VU\4th_Year\Independence Term 1\GenerativeAI\MIDTERM\Midterm_GenAI\data\UCF-101\GolfSwing\v_GolfSwing_g05_c02.avi,GolfSwing,5,2,gallery
C:\VU\4th_Year\Independence Term 1\GenerativeAI\MIDTERM\Midterm_GenAI\data\UCF-101\GolfSwing\v_GolfSwing_g05_c03.avi,GolfSwing,5,3,gallery
C:\VU\4th_Year\Independence Term 1\GenerativeAI\MIDTERM\Midterm_GenAI\data\UCF-101\GolfSwing\v_GolfSwing_g05_c04.avi,GolfSwing,5,4,gallery
C:\VU\4th_Year\Independence Term 1\GenerativeAI\MIDTERM\Midterm_GenAI\data\UCF-101\GolfSwing\v_GolfSwing_g05_c05.avi,GolfSwing,5,5,gallery
C:\VU\4th_Year\Independence Term 1\GenerativeAI\MIDTERM\Midterm_GenAI\data\UCF-101\GolfSwing\v_GolfSwing_g05_c06.avi,GolfSwing,5,6,gallery
C:\VU\4th_Year\Independence Term 1\GenerativeAI\MIDTERM\Midterm_GenAI\data\UCF-101\GolfSwing\v_GolfSwing_g05_c07.avi,GolfSwing,5,7,gallery
C:\VU\4th_Year\Independence Term 1\GenerativeAI\MIDTERM\Midterm_GenAI\data\UCF-101\GolfSwing\v_GolfSwing_g06_c01.avi,GolfSwing,6,1,gallery
C:\VU\4th_Year\Independence Term 1\GenerativeAI\MIDTERM\Midterm_GenAI\data\UCF-101\GolfSwing\v_GolfSwing_g06_c02.avi,GolfSwing,6,2,gallery
C:\VU\4th_Year\Independence Term 1\GenerativeAI\MIDTERM\Midterm_GenAI\data\UCF-101\GolfSwing\v_GolfSwing_g06_c03.avi,GolfSwing,6,3,gallery
C:\VU\4th_Year\Independence Term 1\GenerativeAI\MIDTERM\Midterm_GenAI\data\UCF-101\GolfSwing\v_GolfSwing_g06_c04.avi,GolfSwing,6,4,gallery
C:\VU\4th_Year\Independence Term 1\GenerativeAI\MIDTERM\Midterm_GenAI\data\UCF-101\GolfSwing\v_GolfSwing_g07_c01.avi,GolfSwing,7,1,gallery
C:\VU\4th_Year\Independence Term 1\GenerativeAI\MIDTERM\Midterm_GenAI\data\UCF-101\GolfSwing\v_GolfSwing_g07_c02.avi,GolfSwing,7,2,gallery
C:\VU\4th_Year\Independence Term 1\GenerativeAI\MIDTERM\Midterm_GenAI\data\UCF-101\GolfSwing\v_GolfSwing_g07_c03.avi,GolfSwing,7,3,gallery
C:\VU\4th_Year\Independence Term 1\GenerativeAI\MIDTERM\Midterm_GenAI\data\UCF-101\GolfSwing\v_GolfSwing_g07_c04.avi,GolfSwing,7,4,gallery
C:\VU\4th_Year\Independence Term 1\GenerativeAI\MIDTERM\Midterm_GenAI\data\UCF-101\GolfSwing\v_GolfSwing_g07_c05.avi,GolfSwing,7,5,gallery
C:\VU\4th_Year\Independence Term 1\GenerativeAI\MIDTERM\Midterm_GenAI\data\UCF-101\GolfSwing\v_GolfSwing_g08_c01.avi,GolfSwing,8,1,query
C:\VU\4th_Year\Independence Term 1\GenerativeAI\MIDTERM\Midterm_GenAI\data\UCF-101\Haircut\v_Haircut_g01_c01.avi,Haircut,1,1,gallery
C:\VU\4th_Year\Independence Term 1\GenerativeAI\MIDTERM\Midterm_GenAI\data\UCF-101\Haircut\v_Haircut_g01_c02.avi,Haircut,1,2,gallery
C:\VU\4th_Year\Independence Term 1\GenerativeAI\MIDTERM\Midterm_GenAI\data\UCF-101\Haircut\v_Haircut_g01_c03.avi,Haircut,1,3,gallery
C:\VU\4th_Year\Independence Term 1\GenerativeAI\MIDTERM\Midterm_GenAI\data\UCF-101\Haircut\v_Haircut_g01_c04.avi,Haircut,1,4,gallery
C:\VU\4th_Year\Independence Term 1\GenerativeAI\MIDTERM\Midterm_GenAI\data\UCF-101\Haircut\v_Haircut_g02_c01.avi,Haircut,2,1,gallery
C:\VU\4th_Year\Independence Term 1\GenerativeAI\MIDTERM\Midterm_GenAI\data\UCF-101\Haircut\v_Haircut_g02_c02.avi,Haircut,2,2,gallery
C:\VU\4th_Year\Independence Term 1\GenerativeAI\MIDTERM\Midterm_GenAI\data\UCF-101\Haircut\v_Haircut_g02_c03.avi,Haircut,2,3,gallery
C:\VU\4th_Year\Independence Term 1\GenerativeAI\MIDTERM\Midterm_GenAI\data\UCF-101\Haircut\v_Haircut_g02_c04.avi,Haircut,2,4,gallery
C:\VU\4th_Year\Independence Term 1\GenerativeAI\MIDTERM\Midterm_GenAI\data\UCF-101\Haircut\v_Haircut_g03_c01.avi,Haircut,3,1,gallery
C:\VU\4th_Year\Independence Term 1\GenerativeAI\MIDTERM\Midterm_GenAI\data\UCF-101\Haircut\v_Haircut_g03_c02.avi,Haircut,3,2,gallery
C:\VU\4th_Year\Independence Term 1\GenerativeAI\MIDTERM\Midterm_GenAI\data\UCF-101\Haircut\v_Haircut_g03_c03.avi,Haircut,3,3,gallery
C:\VU\4th_Year\Independence Term 1\GenerativeAI\MIDTERM\Midterm_GenAI\data\UCF-101\Haircut\v_Haircut_g03_c04.avi,Haircut,3,4,gallery
C:\VU\4th_Year\Independence Term 1\GenerativeAI\MIDTERM\Midterm_GenAI\data\UCF-101\Haircut\v_Haircut_g03_c05.avi,Haircut,3,5,gallery
C:\VU\4th_Year\Independence Term 1\GenerativeAI\MIDTERM\Midterm_GenAI\data\UCF-101\Haircut\v_Haircut_g03_c06.avi,Haircut,3,6,gallery
C:\VU\4th_Year\Independence Term 1\GenerativeAI\MIDTERM\Midterm_GenAI\data\UCF-101\Haircut\v_Haircut_g04_c01.avi,Haircut,4,1,query
C:\VU\4th_Year\Independence Term 1\GenerativeAI\MIDTERM\Midterm_GenAI\data\UCF-101\Haircut\v_Haircut_g04_c02.avi,Haircut,4,2,query
C:\VU\4th_Year\Independence Term 1\GenerativeAI\MIDTERM\Midterm_GenAI\data\UCF-101\Haircut\v_Haircut_g04_c03.avi,Haircut,4,3,query
C:\VU\4th_Year\Independence Term 1\GenerativeAI\MIDTERM\Midterm_GenAI\data\UCF-101\Haircut\v_Haircut_g04_c04.avi,Haircut,4,4,query
C:\VU\4th_Year\Independence Term 1\GenerativeAI\MIDTERM\Midterm_GenAI\data\UCF-101\Haircut\v_Haircut_g04_c05.avi,Haircut,4,5,query
C:\VU\4th_Year\Independence Term 1\GenerativeAI\MIDTERM\Midterm_GenAI\data\UCF-101\Haircut\v_Haircut_g05_c01.avi,Haircut,5,1,gallery
C:\VU\4th_Year\Independence Term 1\GenerativeAI\MIDTERM\Midterm_GenAI\data\UCF-101\Haircut\v_Haircut_g05_c02.avi,Haircut,5,2,gallery
C:\VU\4th_Year\Independence Term 1\GenerativeAI\MIDTERM\Midterm_GenAI\data\UCF-101\Haircut\v_Haircut_g05_c03.avi,Haircut,5,3,gallery
C:\VU\4th_Year\Independence Term 1\GenerativeAI\MIDTERM\Midterm_GenAI\data\UCF-101\Haircut\v_Haircut_g05_c04.avi,Haircut,5,4,gallery
C:\VU\4th_Year\Independence Term 1\GenerativeAI\MIDTERM\Midterm_GenAI\data\UCF-101\Haircut\v_Haircut_g06_c01.avi,Haircut,6,1,gallery
C:\VU\4th_Year\Independence Term 1\GenerativeAI\MIDTERM\Midterm_GenAI\data\UCF-101\Haircut\v_Haircut_g06_c02.avi,Haircut,6,2,gallery
C:\VU\4th_Year\Independence Term 1\GenerativeAI\MIDTERM\Midterm_GenAI\data\UCF-101\Haircut\v_Haircut_g06_c03.avi,Haircut,6,3,gallery
C:\VU\4th_Year\Independence Term 1\GenerativeAI\MIDTERM\Midterm_GenAI\data\UCF-101\Haircut\v_Haircut_g06_c04.avi,Haircut,6,4,gallery
C:\VU\4th_Year\Independence Term 1\GenerativeAI\MIDTERM\Midterm_GenAI\data\UCF-101\Haircut\v_Haircut_g07_c01.avi,Haircut,7,1,query
C:\VU\4th_Year\Independence Term 1\GenerativeAI\MIDTERM\Midterm_GenAI\data\UCF-101\Haircut\v_Haircut_g07_c02.avi,Haircut,7,2,query
C:\VU\4th_Year\Independence Term 1\GenerativeAI\MIDTERM\Midterm_GenAI\data\UCF-101\Haircut\v_Haircut_g07_c03.avi,Haircut,7,3,query
C:\VU\4th_Year\Independence Term 1\GenerativeAI\MIDTERM\Midterm_GenAI\data\UCF-101\Haircut\v_Haircut_g07_c04.avi,Haircut,7,4,query
C:\VU\4th_Year\Independence Term 1\GenerativeAI\MIDTERM\Midterm_GenAI\data\UCF-101\Haircut\v_Haircut_g07_c05.avi,Haircut,7,5,query
C:\VU\4th_Year\Independence Term 1\GenerativeAI\MIDTERM\Midterm_GenAI\data\UCF-101\Haircut\v_Haircut_g07_c06.avi,Haircut,7,6,query
C:\VU\4th_Year\Independence Term 1\GenerativeAI\MIDTERM\Midterm_GenAI\data\UCF-101\Haircut\v_Haircut_g08_c01.avi,Haircut,8,1,gallery
C:\VU\4th_Year\Independence Term 1\GenerativeAI\MIDTERM\Midterm_GenAI\data\UCF-101\Haircut\v_Haircut_g08_c02.avi,Haircut,8,2,gallery
C:\VU\4th_Year\Independence Term 1\GenerativeAI\MIDTERM\Midterm_GenAI\data\UCF-101\Haircut\v_Haircut_g08_c03.avi,Haircut,8,3,gallery
C:\VU\4th_Year\Independence Term 1\GenerativeAI\MIDTERM\Midterm_GenAI\data\UCF-101\Haircut\v_Haircut_g08_c04.avi,Haircut,8,4,gallery
C:\VU\4th_Year\Independence Term 1\GenerativeAI\MIDTERM\Midterm_GenAI\data\UCF-101\Haircut\v_Haircut_g08_c05.avi,Haircut,8,5,gallery
C:\VU\4th_Year\Independence Term 1\GenerativeAI\MIDTERM\Midterm_GenAI\data\UCF-101\Haircut\v_Haircut_g08_c06.avi,Haircut,8,6,gallery
C:\VU\4th_Year\Independence Term 1\GenerativeAI\MIDTERM\Midterm_GenAI\data\UCF-101\Haircut\v_Haircut_g09_c01.avi,Haircut,9,1,gallery
C:\VU\4th_Year\Independence Term 1\GenerativeAI\MIDTERM\Midterm_GenAI\data\UCF-101\HammerThrow\v_HammerThrow_g01_c01.avi,HammerThrow,1,1,gallery
C:\VU\4th_Year\Independence Term 1\GenerativeAI\MIDTERM\Midterm_GenAI\data\UCF-101\HammerThrow\v_HammerThrow_g01_c02.avi,HammerThrow,1,2,gallery
C:\VU\4th_Year\Independence Term 1\GenerativeAI\MIDTERM\Midterm_GenAI\data\UCF-101\HammerThrow\v_HammerThrow_g01_c03.avi,HammerThrow,1,3,gallery
C:\VU\4th_Year\Independence Term 1\GenerativeAI\MIDTERM\Midterm_GenAI\data\UCF-101\HammerThrow\v_HammerThrow_g01_c04.avi,HammerThrow,1,4,gallery
C:\VU\4th_Year\Independence Term 1\GenerativeAI\MIDTERM\Midterm_GenAI\data\UCF-101\HammerThrow\v_HammerThrow_g01_c05.avi,HammerThrow,1,5,gallery
C:\VU\4th_Year\Independence Term 1\GenerativeAI\MIDTERM\Midterm_GenAI\data\UCF-101\HammerThrow\v_HammerThrow_g01_c06.avi,HammerThrow,1,6,gallery
C:\VU\4th_Year\Independence Term 1\GenerativeAI\MIDTERM\Midterm_GenAI\data\UCF-101\HammerThrow\v_HammerThrow_g02_c01.avi,HammerThrow,2,1,query
C:\VU\4th_Year\Independence Term 1\GenerativeAI\MIDTERM\Midterm_GenAI\data\UCF-101\HammerThrow\v_HammerThrow_g02_c02.avi,HammerThrow,2,2,query
C:\VU\4th_Year\Independence Term 1\GenerativeAI\MIDTERM\Midterm_GenAI\data\UCF-101\HammerThrow\v_HammerThrow_g02_c03.avi,HammerThrow,2,3,query
C:\VU\4th_Year\Independence Term 1\GenerativeAI\MIDTERM\Midterm_GenAI\data\UCF-101\HammerThrow\v_HammerThrow_g02_c04.avi,HammerThrow,2,4,query
C:\VU\4th_Year\Independence Term 1\GenerativeAI\MIDTERM\Midterm_GenAI\data\UCF-101\HammerThrow\v_HammerThrow_g02_c05.avi,HammerThrow,2,5,query
C:\VU\4th_Year\Independence Term 1\GenerativeAI\MIDTERM\Midterm_GenAI\data\UCF-101\HammerThrow\v_HammerThrow_g02_c06.avi,HammerThrow,2,6,query
C:\VU\4th_Year\Independence Term 1\GenerativeAI\MIDTERM\Midterm_GenAI\data\UCF-101\HammerThrow\v_HammerThrow_g02_c07.avi,HammerThrow,2,7,query
C:\VU\4th_Year\Independence Term 1\GenerativeAI\MIDTERM\Midterm_GenAI\data\UCF-101\HammerThrow\v_HammerThrow_g03_c01.avi,HammerThrow,3,1,gallery
C:\VU\4th_Year\Independence Term 1\GenerativeAI\MIDTERM\Midterm_GenAI\data\UCF-101\HammerThrow\v_HammerThrow_g03_c02.avi,HammerThrow,3,2,gallery
C:\VU\4th_Year\Independence Term 1\GenerativeAI\MIDTERM\Midterm_GenAI\data\UCF-101\HammerThrow\v_HammerThrow_g03_c03.avi,HammerThrow,3,3,gallery
C:\VU\4th_Year\Independence Term 1\GenerativeAI\MIDTERM\Midterm_GenAI\data\UCF-101\HammerThrow\v_HammerThrow_g03_c04.avi,HammerThrow,3,4,gallery
C:\VU\4th_Year\Independence Term 1\GenerativeAI\MIDTERM\Midterm_GenAI\data\UCF-101\HammerThrow\v_HammerThrow_g03_c05.avi,HammerThrow,3,5,gallery
C:\VU\4th_Year\Independence Term 1\GenerativeAI\MIDTERM\Midterm_GenAI\data\UCF-101\HammerThrow\v_HammerThrow_g03_c06.avi,HammerThrow,3,6,gallery
C:\VU\4th_Year\Independence Term 1\GenerativeAI\MIDTERM\Midterm_GenAI\data\UCF-101\HammerThrow\v_HammerThrow_g03_c07.avi,HammerThrow,3,7,gallery
C:\VU\4th_Year\Independence Term 1\GenerativeAI\MIDTERM\Midterm_GenAI\data\UCF-101\HammerThrow\v_HammerThrow_g04_c01.avi,HammerThrow,4,1,gallery
C:\VU\4th_Year\Independence Term 1\GenerativeAI\MIDTERM\Midterm_GenAI\data\UCF-101\HammerThrow\v_HammerThrow_g04_c02.avi,HammerThrow,4,2,gallery
C:\VU\4th_Year\Independence Term 1\GenerativeAI\MIDTERM\Midterm_GenAI\data\UCF-101\HammerThrow\v_HammerThrow_g04_c03.avi,HammerThrow,4,3,gallery
C:\VU\4th_Year\Independence Term 1\GenerativeAI\MIDTERM\Midterm_GenAI\data\UCF-101\HammerThrow\v_HammerThrow_g04_c04.avi,HammerThrow,4,4,gallery
C:\VU\4th_Year\Independence Term 1\GenerativeAI\MIDTERM\Midterm_GenAI\data\UCF-101\HammerThrow\v_HammerThrow_g04_c05.avi,HammerThrow,4,5,gallery
C:\VU\4th_Year\Independence Term 1\GenerativeAI\MIDTERM\Midterm_GenAI\data\UCF-101\HammerThrow\v_HammerThrow_g04_c06.avi,HammerThrow,4,6,gallery
C:\VU\4th_Year\Independence Term 1\GenerativeAI\MIDTERM\Midterm_GenAI\data\UCF-101\HammerThrow\v_HammerThrow_g04_c07.avi,HammerThrow,4,7,gallery
C:\VU\4th_Year\Independence Term 1\GenerativeAI\MIDTERM\Midterm_GenAI\data\UCF-101\HammerThrow\v_HammerThrow_g05_c01.avi,HammerThrow,5,1,gallery
C:\VU\4th_Year\Independence Term 1\GenerativeAI\MIDTERM\Midterm_GenAI\data\UCF-101\HammerThrow\v_HammerThrow_g05_c02.avi,HammerThrow,5,2,gallery
C:\VU\4th_Year\Independence Term 1\GenerativeAI\MIDTERM\Midterm_GenAI\data\UCF-101\HammerThrow\v_HammerThrow_g05_c03.avi,HammerThrow,5,3,gallery
C:\VU\4th_Year\Independence Term 1\GenerativeAI\MIDTERM\Midterm_GenAI\data\UCF-101\HammerThrow\v_HammerThrow_g05_c04.avi,HammerThrow,5,4,gallery
C:\VU\4th_Year\Independence Term 1\GenerativeAI\MIDTERM\Midterm_GenAI\data\UCF-101\HammerThrow\v_HammerThrow_g05_c05.avi,HammerThrow,5,5,gallery
C:\VU\4th_Year\Independence Term 1\GenerativeAI\MIDTERM\Midterm_GenAI\data\UCF-101\HammerThrow\v_HammerThrow_g05_c06.avi,HammerThrow,5,6,gallery
C:\VU\4th_Year\Independence Term 1\GenerativeAI\MIDTERM\Midterm_GenAI\data\UCF-101\HammerThrow\v_HammerThrow_g06_c01.avi,HammerThrow,6,1,query
C:\VU\4th_Year\Independence Term 1\GenerativeAI\MIDTERM\Midterm_GenAI\data\UCF-101\HammerThrow\v_HammerThrow_g06_c02.avi,HammerThrow,6,2,query
C:\VU\4th_Year\Independence Term 1\GenerativeAI\MIDTERM\Midterm_GenAI\data\UCF-101\HammerThrow\v_HammerThrow_g06_c03.avi,HammerThrow,6,3,query
C:\VU\4th_Year\Independence Term 1\GenerativeAI\MIDTERM\Midterm_GenAI\data\UCF-101\HammerThrow\v_HammerThrow_g06_c04.avi,HammerThrow,6,4,query
C:\VU\4th_Year\Independence Term 1\GenerativeAI\MIDTERM\Midterm_GenAI\data\UCF-101\HammerThrow\v_HammerThrow_g06_c05.avi,HammerThrow,6,5,query
C:\VU\4th_Year\Independence Term 1\GenerativeAI\MIDTERM\Midterm_GenAI\data\UCF-101\HammerThrow\v_HammerThrow_g06_c06.avi,HammerThrow,6,6,query
C:\VU\4th_Year\Independence Term 1\GenerativeAI\MIDTERM\Midterm_GenAI\data\UCF-101\HammerThrow\v_HammerThrow_g06_c07.avi,HammerThrow,6,7,query
C:\VU\4th_Year\Independence Term 1\GenerativeAI\MIDTERM\Midterm_GenAI\data\UCF-101\Hammering\v_Hammering_g01_c01.avi,Hammering,1,1,query
C:\VU\4th_Year\Independence Term 1\GenerativeAI\MIDTERM\Midterm_GenAI\data\UCF-101\Hammering\v_Hammering_g01_c02.avi,Hammering,1,2,query
C:\VU\4th_Year\Independence Term 1\GenerativeAI\MIDTERM\Midterm_GenAI\data\UCF-101\Hammering\v_Hammering_g01_c03.avi,Hammering,1,3,query
C:\VU\4th_Year\Independence Term 1\GenerativeAI\MIDTERM\Midterm_GenAI\data\UCF-101\Hammering\v_Hammering_g01_c04.avi,Hammering,1,4,query
C:\VU\4th_Year\Independence Term 1\GenerativeAI\MIDTERM\Midterm_GenAI\data\UCF-101\Hammering\v_Hammering_g02_c01.avi,Hammering,2,1,gallery
C:\VU\4th_Year\Independence Term 1\GenerativeAI\MIDTERM\Midterm_GenAI\data\UCF-101\Hammering\v_Hammering_g02_c02.avi,Hammering,2,2,gallery
C:\VU\4th_Year\Independence Term 1\GenerativeAI\MIDTERM\Midterm_GenAI\data\UCF-101\Hammering\v_Hammering_g02_c03.avi,Hammering,2,3,gallery
C:\VU\4th_Year\Independence Term 1\GenerativeAI\MIDTERM\Midterm_GenAI\data\UCF-101\Hammering\v_Hammering_g02_c04.avi,Hammering,2,4,gallery
C:\VU\4th_Year\Independence Term 1\GenerativeAI\MIDTERM\Midterm_GenAI\data\UCF-101\Hammering\v_Hammering_g03_c01.avi,Hammering,3,1,gallery
C:\VU\4th_Year\Independence Term 1\GenerativeAI\MIDTERM\Midterm_GenAI\data\UCF-101\Hammering\v_Hammering_g03_c02.avi,Hammering,3,2,gallery
C:\VU\4th_Year\Independence Term 1\GenerativeAI\MIDTERM\Midterm_GenAI\data\UCF-101\Hammering\v_Hammering_g03_c03.avi,Hammering,3,3,gallery
C:\VU\4th_Year\Independence Term 1\GenerativeAI\MIDTERM\Midterm_GenAI\data\UCF-101\Hammering\v_Hammering_g03_c04.avi,Hammering,3,4,gallery
C:\VU\4th_Year\Independence Term 1\GenerativeAI\MIDTERM\Midterm_GenAI\data\UCF-101\Hammering\v_Hammering_g03_c05.avi,Hammering,3,5,gallery
C:\VU\4th_Year\Independence Term 1\GenerativeAI\MIDTERM\Midterm_GenAI\data\UCF-101\Hammering\v_Hammering_g04_c01.avi,Hammering,4,1,gallery
C:\VU\4th_Year\Independence Term 1\GenerativeAI\MIDTERM\Midterm_GenAI\data\UCF-101\Hammering\v_Hammering_g04_c02.avi,Hammering,4,2,gallery
C:\VU\4th_Year\Independence Term 1\GenerativeAI\MIDTERM\Midterm_GenAI\data\UCF-101\Hammering\v_Hammering_g04_c03.avi,Hammering,4,3,gallery
C:\VU\4th_Year\Independence Term 1\GenerativeAI\MIDTERM\Midterm_GenAI\data\UCF-101\Hammering\v_Hammering_g04_c04.avi,Hammering,4,4,gallery
C:\VU\4th_Year\Independence Term 1\GenerativeAI\MIDTERM\Midterm_GenAI\data\UCF-101\Hammering\v_Hammering_g04_c05.avi,Hammering,4,5,gallery
C:\VU\4th_Year\Independence Term 1\GenerativeAI\MIDTERM\Midterm_GenAI\data\UCF-101\Hammering\v_Hammering_g05_c01.avi,Hammering,5,1,gallery
C:\VU\4th_Year\Independence Term 1\GenerativeAI\MIDTERM\Midterm_GenAI\data\UCF-101\Hammering\v_Hammering_g05_c02.avi,Hammering,5,2,gallery
C:\VU\4th_Year\Independence Term 1\GenerativeAI\MIDTERM\Midterm_GenAI\data\UCF-101\Hammering\v_Hammering_g05_c03.avi,Hammering,5,3,gallery
C:\VU\4th_Year\Independence Term 1\GenerativeAI\MIDTERM\Midterm_GenAI\data\UCF-101\Hammering\v_Hammering_g05_c04.avi,Hammering,5,4,gallery
C:\VU\4th_Year\Independence Term 1\GenerativeAI\MIDTERM\Midterm_GenAI\data\UCF-101\Hammering\v_Hammering_g06_c01.avi,Hammering,6,1,gallery
C:\VU\4th_Year\Independence Term 1\GenerativeAI\MIDTERM\Midterm_GenAI\data\UCF-101\Hammering\v_Hammering_g06_c02.avi,Hammering,6,2,gallery
C:\VU\4th_Year\Independence Term 1\GenerativeAI\MIDTERM\Midterm_GenAI\data\UCF-101\Hammering\v_Hammering_g06_c03.avi,Hammering,6,3,gallery
C:\VU\4th_Year\Independence Term 1\GenerativeAI\MIDTERM\Midterm_GenAI\data\UCF-101\Hammering\v_Hammering_g06_c04.avi,Hammering,6,4,gallery
C:\VU\4th_Year\Independence Term 1\GenerativeAI\MIDTERM\Midterm_GenAI\data\UCF-101\Hammering\v_Hammering_g06_c05.avi,Hammering,6,5,gallery
C:\VU\4th_Year\Independence Term 1\GenerativeAI\MIDTERM\Midterm_GenAI\data\UCF-101\Hammering\v_Hammering_g06_c06.avi,Hammering,6,6,gallery
C:\VU\4th_Year\Independence Term 1\GenerativeAI\MIDTERM\Midterm_GenAI\data\UCF-101\Hammering\v_Hammering_g07_c01.avi,Hammering,7,1,gallery
C:\VU\4th_Year\Independence Term 1\GenerativeAI\MIDTERM\Midterm_GenAI\data\UCF-101\Hammering\v_Hammering_g07_c02.avi,Hammering,7,2,gallery
C:\VU\4th_Year\Independence Term 1\GenerativeAI\MIDTERM\Midterm_GenAI\data\UCF-101\Hammering\v_Hammering_g07_c03.avi,Hammering,7,3,gallery
C:\VU\4th_Year\Independence Term 1\GenerativeAI\MIDTERM\Midterm_GenAI\data\UCF-101\Hammering\v_Hammering_g07_c04.avi,Hammering,7,4,gallery
C:\VU\4th_Year\Independence Term 1\GenerativeAI\MIDTERM\Midterm_GenAI\data\UCF-101\Hammering\v_Hammering_g07_c05.avi,Hammering,7,5,gallery
C:\VU\4th_Year\Independence Term 1\GenerativeAI\MIDTERM\Midterm_GenAI\data\UCF-101\Hammering\v_Hammering_g08_c01.avi,Hammering,8,1,query
C:\VU\4th_Year\Independence Term 1\GenerativeAI\MIDTERM\Midterm_GenAI\data\UCF-101\Hammering\v_Hammering_g08_c02.avi,Hammering,8,2,query
C:\VU\4th_Year\Independence Term 1\GenerativeAI\MIDTERM\Midterm_GenAI\data\UCF-101\Hammering\v_Hammering_g08_c03.avi,Hammering,8,3,query
C:\VU\4th_Year\Independence Term 1\GenerativeAI\MIDTERM\Midterm_GenAI\data\UCF-101\Hammering\v_Hammering_g08_c04.avi,Hammering,8,4,query
C:\VU\4th_Year\Independence Term 1\GenerativeAI\MIDTERM\Midterm_GenAI\data\UCF-101\Hammering\v_Hammering_g09_c01.avi,Hammering,9,1,gallery
C:\VU\4th_Year\Independence Term 1\GenerativeAI\MIDTERM\Midterm_GenAI\data\UCF-101\Hammering\v_Hammering_g09_c02.avi,Hammering,9,2,gallery
C:\VU\4th_Year\Independence Term 1\GenerativeAI\MIDTERM\Midterm_GenAI\data\UCF-101\Hammering\v_Hammering_g09_c03.avi,Hammering,9,3,gallery
C:\VU\4th_Year\Independence Term 1\GenerativeAI\MIDTERM\Midterm_GenAI\data\UCF-101\HandstandPushups\v_HandStandPushups_g01_c01.avi,HandStandPushups,1,1,gallery
C:\VU\4th_Year\Independence Term 1\GenerativeAI\MIDTERM\Midterm_GenAI\data\UCF-101\HandstandPushups\v_HandStandPushups_g01_c02.avi,HandStandPushups,1,2,gallery
C:\VU\4th_Year\Independence Term 1\GenerativeAI\MIDTERM\Midterm_GenAI\data\UCF-101\HandstandPushups\v_HandStandPushups_g01_c03.avi,HandStandPushups,1,3,gallery
C:\VU\4th_Year\Independence Term 1\GenerativeAI\MIDTERM\Midterm_GenAI\data\UCF-101\HandstandPushups\v_HandStandPushups_g01_c04.avi,HandStandPushups,1,4,gallery
C:\VU\4th_Year\Independence Term 1\GenerativeAI\MIDTERM\Midterm_GenAI\data\UCF-101\HandstandPushups\v_HandStandPushups_g02_c01.avi,HandStandPushups,2,1,gallery
C:\VU\4th_Year\Independence Term 1\GenerativeAI\MIDTERM\Midterm_GenAI\data\UCF-101\HandstandPushups\v_HandStandPushups_g02_c02.avi,HandStandPushups,2,2,gallery
C:\VU\4th_Year\Independence Term 1\GenerativeAI\MIDTERM\Midterm_GenAI\data\UCF-101\HandstandPushups\v_HandStandPushups_g02_c03.avi,HandStandPushups,2,3,gallery
C:\VU\4th_Year\Independence Term 1\GenerativeAI\MIDTERM\Midterm_GenAI\data\UCF-101\HandstandPushups\v_HandStandPushups_g02_c04.avi,HandStandPushups,2,4,gallery
C:\VU\4th_Year\Independence Term 1\GenerativeAI\MIDTERM\Midterm_GenAI\data\UCF-101\HandstandPushups\v_HandStandPushups_g03_c01.avi,HandStandPushups,3,1,gallery
C:\VU\4th_Year\Independence Term 1\GenerativeAI\MIDTERM\Midterm_GenAI\data\UCF-101\HandstandPushups\v_HandStandPushups_g03_c02.avi,HandStandPushups,3,2,gallery
C:\VU\4th_Year\Independence Term 1\GenerativeAI\MIDTERM\Midterm_GenAI\data\UCF-101\HandstandPushups\v_HandStandPushups_g03_c03.avi,HandStandPushups,3,3,gallery
C:\VU\4th_Year\Independence Term 1\GenerativeAI\MIDTERM\Midterm_GenAI\data\UCF-101\HandstandPushups\v_HandStandPushups_g03_c04.avi,HandStandPushups,3,4,gallery
C:\VU\4th_Year\Independence Term 1\GenerativeAI\MIDTERM\Midterm_GenAI\data\UCF-101\HandstandPushups\v_HandStandPushups_g04_c01.avi,HandStandPushups,4,1,query
C:\VU\4th_Year\Independence Term 1\GenerativeAI\MIDTERM\Midterm_GenAI\data\UCF-101\HandstandPushups\v_HandStandPushups_g04_c02.avi,HandStandPushups,4,2,query
C:\VU\4th_Year\Independence Term 1\GenerativeAI\MIDTERM\Midterm_GenAI\data\UCF-101\HandstandPushups\v_HandStandPushups_g04_c03.avi,HandStandPushups,4,3,query
C:\VU\4th_Year\Independence Term 1\GenerativeAI\MIDTERM\Midterm_GenAI\data\UCF-101\HandstandPushups\v_HandStandPushups_g04_c04.avi,HandStandPushups,4,4,query
C:\VU\4th_Year\Independence Term 1\GenerativeAI\MIDTERM\Midterm_GenAI\data\UCF-101\HandstandPushups\v_HandStandPushups_g05_c01.avi,HandStandPushups,5,1,gallery
C:\VU\4th_Year\Independence Term 1\GenerativeAI\MIDTERM\Midterm_GenAI\data\UCF-101\HandstandPushups\v_HandStandPushups_g05_c02.avi,HandStandPushups,5,2,gallery
C:\VU\4th_Year\Independence Term 1\GenerativeAI\MIDTERM\Midterm_GenAI\data\UCF-101\HandstandPushups\v_HandStandPushups_g05_c03.avi,HandStandPushups,5,3,gallery
C:\VU\4th_Year\Independence Term 1\GenerativeAI\MIDTERM\Midterm_GenAI\data\UCF-101\HandstandPushups\v_HandStandPushups_g05_c04.avi,HandStandPushups,5,4,gallery
C:\VU\4th_Year\Independence Term 1\GenerativeAI\MIDTERM\Midterm_GenAI\data\UCF-101\HandstandPushups\v_HandStandPushups_g06_c01.avi,HandStandPushups,6,1,gallery
C:\VU\4th_Year\Independence Term 1\GenerativeAI\MIDTERM\Midterm_GenAI\data\UCF-101\HandstandPushups\v_HandStandPushups_g06_c02.avi,HandStandPushups,6,2,gallery
C:\VU\4th_Year\Independence Term 1\GenerativeAI\MIDTERM\Midterm_GenAI\data\UCF-101\HandstandPushups\v_HandStandPushups_g06_c03.avi,HandStandPushups,6,3,gallery
C:\VU\4th_Year\Independence Term 1\GenerativeAI\MIDTERM\Midterm_GenAI\data\UCF-101\HandstandPushups\v_HandStandPushups_g06_c04.avi,HandStandPushups,6,4,gallery
C:\VU\4th_Year\Independence Term 1\GenerativeAI\MIDTERM\Midterm_GenAI\data\UCF-101\HandstandPushups\v_HandStandPushups_g07_c01.avi,HandStandPushups,7,1,query
C:\VU\4th_Year\Independence Term 1\GenerativeAI\MIDTERM\Midterm_GenAI\data\UCF-101\HandstandPushups\v_HandStandPushups_g07_c02.avi,HandStandPushups,7,2,query
C:\VU\4th_Year\Independence Term 1\GenerativeAI\MIDTERM\Midterm_GenAI\data\UCF-101\HandstandPushups\v_HandStandPushups_g07_c03.avi,HandStandPushups,7,3,query
C:\VU\4th_Year\Independence Term 1\GenerativeAI\MIDTERM\Midterm_GenAI\data\UCF-101\HandstandPushups\v_HandStandPushups_g07_c04.avi,HandStandPushups,7,4,query
C:\VU\4th_Year\Independence Term 1\GenerativeAI\MIDTERM\Midterm_GenAI\data\UCF-101\HandstandPushups\v_HandStandPushups_g08_c01.avi,HandStandPushups,8,1,gallery
C:\VU\4th_Year\Independence Term 1\GenerativeAI\MIDTERM\Midterm_GenAI\data\UCF-101\HandstandPushups\v_HandStandPushups_g08_c02.avi,HandStandPushups,8,2,gallery
C:\VU\4th_Year\Independence Term 1\GenerativeAI\MIDTERM\Midterm_GenAI\data\UCF-101\HandstandPushups\v_HandStandPushups_g08_c03.avi,HandStandPushups,8,3,gallery
C:\VU\4th_Year\Independence Term 1\GenerativeAI\MIDTERM\Midterm_GenAI\data\UCF-101\HandstandPushups\v_HandStandPushups_g08_c04.avi,HandStandPushups,8,4,gallery
C:\VU\4th_Year\Independence Term 1\GenerativeAI\MIDTERM\Midterm_GenAI\data\UCF-101\HandstandPushups\v_HandStandPushups_g08_c05.avi,HandStandPushups,8,5,gallery
C:\VU\4th_Year\Independence Term 1\GenerativeAI\MIDTERM\Midterm_GenAI\data\UCF-101\HandstandPushups\v_HandStandPushups_g09_c01.avi,HandStandPushups,9,1,gallery
C:\VU\4th_Year\Independence Term 1\GenerativeAI\MIDTERM\Midterm_GenAI\data\UCF-101\HandstandPushups\v_HandStandPushups_g09_c02.avi,HandStandPushups,9,2,gallery
C:\VU\4th_Year\Independence Term 1\GenerativeAI\MIDTERM\Midterm_GenAI\data\UCF-101\HandstandPushups\v_HandStandPushups_g09_c03.avi,HandStandPushups,9,3,gallery
C:\VU\4th_Year\Independence Term 1\GenerativeAI\MIDTERM\Midterm_GenAI\data\UCF-101\HandstandPushups\v_HandStandPushups_g09_c04.avi,HandStandPushups,9,4,gallery
C:\VU\4th_Year\Independence Term 1\GenerativeAI\MIDTERM\Midterm_GenAI\data\UCF-101\HandstandPushups\v_HandStandPushups_g10_c01.avi,HandStandPushups,10,1,gallery
C:\VU\4th_Year\Independence Term 1\GenerativeAI\MIDTERM\Midterm_GenAI\data\UCF-101\HandstandPushups\v_HandStandPushups_g10_c02.avi,HandStandPushups,10,2,gallery
C:\VU\4th_Year\Independence Term 1\GenerativeAI\MIDTERM\Midterm_GenAI\data\UCF-101\HandstandPushups\v_HandStandPushups_g10_c03.avi,HandStandPushups,10,3,gallery
C:\VU\4th_Year\Independence Term 1\GenerativeAI\MIDTERM\Midterm_GenAI\data\UCF-101\HandstandWalking\v_HandstandWalking_g01_c01.avi,HandstandWalking,1,1,gallery
C:\VU\4th_Year\Independence Term 1\GenerativeAI\MIDTERM\Midterm_GenAI\data\UCF-101\HandstandWalking\v_HandstandWalking_g01_c02.avi,HandstandWalking,1,2,gallery
C:\VU\4th_Year\Independence Term 1\GenerativeAI\MIDTERM\Midterm_GenAI\data\UCF-101\HandstandWalking\v_HandstandWalking_g01_c03.avi,HandstandWalking,1,3,gallery
C:\VU\4th_Year\Independence Term 1\GenerativeAI\MIDTERM\Midterm_GenAI\data\UCF-101\HandstandWalking\v_HandstandWalking_g01_c04.avi,HandstandWalking,1,4,gallery
C:\VU\4th_Year\Independence Term 1\GenerativeAI\MIDTERM\Midterm_GenAI\data\UCF-101\HandstandWalking\v_HandstandWalking_g02_c01.avi,HandstandWalking,2,1,query
C:\VU\4th_Year\Independence Term 1\GenerativeAI\MIDTERM\Midterm_GenAI\data\UCF-101\HandstandWalking\v_HandstandWalking_g02_c02.avi,HandstandWalking,2,2,query
C:\VU\4th_Year\Independence Term 1\GenerativeAI\MIDTERM\Midterm_GenAI\data\UCF-101\HandstandWalking\v_HandstandWalking_g02_c03.avi,HandstandWalking,2,3,query
C:\VU\4th_Year\Independence Term 1\GenerativeAI\MIDTERM\Midterm_GenAI\data\UCF-101\HandstandWalking\v_HandstandWalking_g02_c04.avi,HandstandWalking,2,4,query
C:\VU\4th_Year\Independence Term 1\GenerativeAI\MIDTERM\Midterm_GenAI\data\UCF-101\HandstandWalking\v_HandstandWalking_g03_c01.avi,HandstandWalking,3,1,gallery
C:\VU\4th_Year\Independence Term 1\GenerativeAI\MIDTERM\Midterm_GenAI\data\UCF-101\HandstandWalking\v_HandstandWalking_g03_c02.avi,HandstandWalking,3,2,gallery
C:\VU\4th_Year\Independence Term 1\GenerativeAI\MIDTERM\Midterm_GenAI\data\UCF-101\HandstandWalking\v_HandstandWalking_g03_c03.avi,HandstandWalking,3,3,gallery
C:\VU\4th_Year\Independence Term 1\GenerativeAI\MIDTERM\Midterm_GenAI\data\UCF-101\HandstandWalking\v_HandstandWalking_g03_c04.avi,HandstandWalking,3,4,gallery
C:\VU\4th_Year\Independence Term 1\GenerativeAI\MIDTERM\Midterm_GenAI\data\UCF-101\HandstandWalking\v_HandstandWalking_g04_c01.avi,HandstandWalking,4,1,gallery
C:\VU\4th_Year\Independence Term 1\GenerativeAI\MIDTERM\Midterm_GenAI\data\UCF-101\HandstandWalking\v_HandstandWalking_g04_c02.avi,HandstandWalking,4,2,gallery
C:\VU\4th_Year\Independence Term 1\GenerativeAI\MIDTERM\Midterm_GenAI\data\UCF-101\HandstandWalking\v_HandstandWalking_g04_c03.avi,HandstandWalking,4,3,gallery
C:\VU\4th_Year\Independence Term 1\GenerativeAI\MIDTERM\Midterm_GenAI\data\UCF-101\HandstandWalking\v_HandstandWalking_g04_c04.avi,HandstandWalking,4,4,gallery
C:\VU\4th_Year\Independence Term 1\GenerativeAI\MIDTERM\Midterm_GenAI\data\UCF-101\HandstandWalking\v_HandstandWalking_g04_c05.avi,HandstandWalking,4,5,gallery
C:\VU\4th_Year\Independence Term 1\GenerativeAI\MIDTERM\Midterm_GenAI\data\UCF-101\HandstandWalking\v_HandstandWalking_g05_c01.avi,HandstandWalking,5,1,gallery
C:\VU\4th_Year\Independence Term 1\GenerativeAI\MIDTERM\Midterm_GenAI\data\UCF-101\HandstandWalking\v_HandstandWalking_g05_c02.avi,HandstandWalking,5,2,gallery
C:\VU\4th_Year\Independence Term 1\GenerativeAI\MIDTERM\Midterm_GenAI\data\UCF-101\HandstandWalking\v_HandstandWalking_g05_c03.avi,HandstandWalking,5,3,gallery
C:\VU\4th_Year\Independence Term 1\GenerativeAI\MIDTERM\Midterm_GenAI\data\UCF-101\HandstandWalking\v_HandstandWalking_g05_c04.avi,HandstandWalking,5,4,gallery
C:\VU\4th_Year\Independence Term 1\GenerativeAI\MIDTERM\Midterm_GenAI\data\UCF-101\HandstandWalking\v_HandstandWalking_g05_c05.avi,HandstandWalking,5,5,gallery
C:\VU\4th_Year\Independence Term 1\GenerativeAI\MIDTERM\Midterm_GenAI\data\UCF-101\HandstandWalking\v_HandstandWalking_g05_c06.avi,HandstandWalking,5,6,gallery
C:\VU\4th_Year\Independence Term 1\GenerativeAI\MIDTERM\Midterm_GenAI\data\UCF-101\HandstandWalking\v_HandstandWalking_g05_c07.avi,HandstandWalking,5,7,gallery
C:\VU\4th_Year\Independence Term 1\GenerativeAI\MIDTERM\Midterm_GenAI\data\UCF-101\HandstandWalking\v_HandstandWalking_g06_c01.avi,HandstandWalking,6,1,gallery
C:\VU\4th_Year\Independence Term 1\GenerativeAI\MIDTERM\Midterm_GenAI\data\UCF-101\HandstandWalking\v_HandstandWalking_g06_c02.avi,HandstandWalking,6,2,gallery
C:\VU\4th_Year\Independence Term 1\GenerativeAI\MIDTERM\Midterm_GenAI\data\UCF-101\HandstandWalking\v_HandstandWalking_g06_c03.avi,HandstandWalking,6,3,gallery
C:\VU\4th_Year\Independence Term 1\GenerativeAI\MIDTERM\Midterm_GenAI\data\UCF-101\HandstandWalking\v_HandstandWalking_g06_c04.avi,HandstandWalking,6,4,gallery
C:\VU\4th_Year\Independence Term 1\GenerativeAI\MIDTERM\Midterm_GenAI\data\UCF-101\HandstandWalking\v_HandstandWalking_g07_c01.avi,HandstandWalking,7,1,gallery
C:\VU\4th_Year\Independence Term 1\GenerativeAI\MIDTERM\Midterm_GenAI\data\UCF-101\HandstandWalking\v_HandstandWalking_g07_c02.avi,HandstandWalking,7,2,gallery
C:\VU\4th_Year\Independence Term 1\GenerativeAI\MIDTERM\Midterm_GenAI\data\UCF-101\HandstandWalking\v_HandstandWalking_g07_c03.avi,HandstandWalking,7,3,gallery
C:\VU\4th_Year\Independence Term 1\GenerativeAI\MIDTERM\Midterm_GenAI\data\UCF-101\HandstandWalking\v_HandstandWalking_g07_c04.avi,HandstandWalking,7,4,gallery
C:\VU\4th_Year\Independence Term 1\GenerativeAI\MIDTERM\Midterm_GenAI\data\UCF-101\HandstandWalking\v_HandstandWalking_g07_c05.avi,HandstandWalking,7,5,gallery
C:\VU\4th_Year\Independence Term 1\GenerativeAI\MIDTERM\Midterm_GenAI\data\UCF-101\HandstandWalking\v_HandstandWalking_g07_c06.avi,HandstandWalking,7,6,gallery
C:\VU\4th_Year\Independence Term 1\GenerativeAI\MIDTERM\Midterm_GenAI\data\UCF-101\HandstandWalking\v_HandstandWalking_g08_c01.avi,HandstandWalking,8,1,query
C:\VU\4th_Year\Independence Term 1\GenerativeAI\MIDTERM\Midterm_GenAI\data\UCF-101\HandstandWalking\v_HandstandWalking_g08_c02.avi,HandstandWalking,8,2,query
C:\VU\4th_Year\Independence Term 1\GenerativeAI\MIDTERM\Midterm_GenAI\data\UCF-101\HandstandWalking\v_HandstandWalking_g08_c03.avi,HandstandWalking,8,3,query
C:\VU\4th_Year\Independence Term 1\GenerativeAI\MIDTERM\Midterm_GenAI\data\UCF-101\HandstandWalking\v_HandstandWalking_g08_c04.avi,HandstandWalking,8,4,query
C:\VU\4th_Year\Independence Term 1\GenerativeAI\MIDTERM\Midterm_GenAI\data\UCF-101\HandstandWalking\v_HandstandWalking_g09_c01.avi,HandstandWalking,9,1,gallery
C:\VU\4th_Year\Independence Term 1\GenerativeAI\MIDTERM\Midterm_GenAI\data\UCF-101\HandstandWalking\v_HandstandWalking_g09_c02.avi,HandstandWalking,9,2,gallery
C:\VU\4th_Year\Independence Term 1\GenerativeAI\MIDTERM\Midterm_GenAI\data\UCF-101\HeadMassage\v_HeadMassage_g01_c01.avi,HeadMassage,1,1,gallery
C:\VU\4th_Year\Independence Term 1\GenerativeAI\MIDTERM\Midterm_GenAI\data\UCF-101\HeadMassage\v_HeadMassage_g01_c02.avi,HeadMassage,1,2,gallery
C:\VU\4th_Year\Independence Term 1\GenerativeAI\MIDTERM\Midterm_GenAI\data\UCF-101\HeadMassage\v_HeadMassage_g01_c03.avi,HeadMassage,1,3,gallery
C:\VU\4th_Year\Independence Term 1\GenerativeAI\MIDTERM\Midterm_GenAI\data\UCF-101\HeadMassage\v_HeadMassage_g01_c04.avi,HeadMassage,1,4,gallery
C:\VU\4th_Year\Independence Term 1\GenerativeAI\MIDTERM\Midterm_GenAI\data\UCF-101\HeadMassage\v_HeadMassage_g01_c05.avi,HeadMassage,1,5,gallery
C:\VU\4th_Year\Independence Term 1\GenerativeAI\MIDTERM\Midterm_GenAI\data\UCF-101\HeadMassage\v_HeadMassage_g02_c01.avi,HeadMassage,2,1,gallery
C:\VU\4th_Year\Independence Term 1\GenerativeAI\MIDTERM\Midterm_GenAI\data\UCF-101\HeadMassage\v_HeadMassage_g02_c02.avi,HeadMassage,2,2,gallery
C:\VU\4th_Year\Independence Term 1\GenerativeAI\MIDTERM\Midterm_GenAI\data\UCF-101\HeadMassage\v_HeadMassage_g02_c03.avi,HeadMassage,2,3,gallery
C:\VU\4th_Year\Independence Term 1\GenerativeAI\MIDTERM\Midterm_GenAI\data\UCF-101\HeadMassage\v_HeadMassage_g02_c04.avi,HeadMassage,2,4,gallery
C:\VU\4th_Year\Independence Term 1\GenerativeAI\MIDTERM\Midterm_GenAI\data\UCF-101\HeadMassage\v_HeadMassage_g02_c05.avi,HeadMassage,2,5,gallery
C:\VU\4th_Year\Independence Term 1\GenerativeAI\MIDTERM\Midterm_GenAI\data\UCF-101\HeadMassage\v_HeadMassage_g02_c06.avi,HeadMassage,2,6,gallery
C:\VU\4th_Year\Independence Term 1\GenerativeAI\MIDTERM\Midterm_GenAI\data\UCF-101\HeadMassage\v_HeadMassage_g02_c07.avi,HeadMassage,2,7,gallery
C:\VU\4th_Year\Independence Term 1\GenerativeAI\MIDTERM\Midterm_GenAI\data\UCF-101\HeadMassage\v_HeadMassage_g03_c01.avi,HeadMassage,3,1,gallery
C:\VU\4th_Year\Independence Term 1\GenerativeAI\MIDTERM\Midterm_GenAI\data\UCF-101\HeadMassage\v_HeadMassage_g03_c02.avi,HeadMassage,3,2,gallery
C:\VU\4th_Year\Independence Term 1\GenerativeAI\MIDTERM\Midterm_GenAI\data\UCF-101\HeadMassage\v_HeadMassage_g03_c03.avi,HeadMassage,3,3,gallery
C:\VU\4th_Year\Independence Term 1\GenerativeAI\MIDTERM\Midterm_GenAI\data\UCF-101\HeadMassage\v_HeadMassage_g03_c04.avi,HeadMassage,3,4,gallery
C:\VU\4th_Year\Independence Term 1\GenerativeAI\MIDTERM\Midterm_GenAI\data\UCF-101\HeadMassage\v_HeadMassage_g03_c05.avi,HeadMassage,3,5,gallery
C:\VU\4th_Year\Independence Term 1\GenerativeAI\MIDTERM\Midterm_GenAI\data\UCF-101\HeadMassage\v_HeadMassage_g03_c06.avi,HeadMassage,3,6,gallery
C:\VU\4th_Year\Independence Term 1\GenerativeAI\MIDTERM\Midterm_GenAI\data\UCF-101\HeadMassage\v_HeadMassage_g03_c07.avi,HeadMassage,3,7,gallery
C:\VU\4th_Year\Independence Term 1\GenerativeAI\MIDTERM\Midterm_GenAI\data\UCF-101\HeadMassage\v_HeadMassage_g04_c01.avi,HeadMassage,4,1,gallery
C:\VU\4th_Year\Independence Term 1\GenerativeAI\MIDTERM\Midterm_GenAI\data\UCF-101\HeadMassage\v_HeadMassage_g04_c02.avi,HeadMassage,4,2,gallery
C:\VU\4th_Year\Independence Term 1\GenerativeAI\MIDTERM\Midterm_GenAI\data\UCF-101\HeadMassage\v_HeadMassage_g04_c03.avi,HeadMassage,4,3,gallery
C:\VU\4th_Year\Independence Term 1\GenerativeAI\MIDTERM\Midterm_GenAI\data\UCF-101\HeadMassage\v_HeadMassage_g04_c04.avi,HeadMassage,4,4,gallery
C:\VU\4th_Year\Independence Term 1\GenerativeAI\MIDTERM\Midterm_GenAI\data\UCF-101\HeadMassage\v_HeadMassage_g05_c01.avi,HeadMassage,5,1,gallery
C:\VU\4th_Year\Independence Term 1\GenerativeAI\MIDTERM\Midterm_GenAI\data\UCF-101\HeadMassage\v_HeadMassage_g05_c02.avi,HeadMassage,5,2,gallery
C:\VU\4th_Year\Independence Term 1\GenerativeAI\MIDTERM\Midterm_GenAI\data\UCF-101\HeadMassage\v_HeadMassage_g05_c03.avi,HeadMassage,5,3,gallery
C:\VU\4th_Year\Independence Term 1\GenerativeAI\MIDTERM\Midterm_GenAI\data\UCF-101\HeadMassage\v_HeadMassage_g05_c04.avi,HeadMassage,5,4,gallery
C:\VU\4th_Year\Independence Term 1\GenerativeAI\MIDTERM\Midterm_GenAI\data\UCF-101\HeadMassage\v_HeadMassage_g05_c05.avi,HeadMassage,5,5,gallery
C:\VU\4th_Year\Independence Term 1\GenerativeAI\MIDTERM\Midterm_GenAI\data\UCF-101\HeadMassage\v_HeadMassage_g05_c06.avi,HeadMassage,5,6,gallery
C:\VU\4th_Year\Independence Term 1\GenerativeAI\MIDTERM\Midterm_GenAI\data\UCF-101\HeadMassage\v_HeadMassage_g06_c01.avi,HeadMassage,6,1,query
C:\VU\4th_Year\Independence Term 1\GenerativeAI\MIDTERM\Midterm_GenAI\data\UCF-101\HeadMassage\v_HeadMassage_g06_c02.avi,HeadMassage,6,2,query
C:\VU\4th_Year\Independence Term 1\GenerativeAI\MIDTERM\Midterm_GenAI\data\UCF-101\HeadMassage\v_HeadMassage_g06_c03.avi,HeadMassage,6,3,query
C:\VU\4th_Year\Independence Term 1\GenerativeAI\MIDTERM\Midterm_GenAI\data\UCF-101\HeadMassage\v_HeadMassage_g06_c04.avi,HeadMassage,6,4,query
C:\VU\4th_Year\Independence Term 1\GenerativeAI\MIDTERM\Midterm_GenAI\data\UCF-101\HeadMassage\v_HeadMassage_g06_c05.avi,HeadMassage,6,5,query
C:\VU\4th_Year\Independence Term 1\GenerativeAI\MIDTERM\Midterm_GenAI\data\UCF-101\HeadMassage\v_HeadMassage_g06_c06.avi,HeadMassage,6,6,query
C:\VU\4th_Year\Independence Term 1\GenerativeAI\MIDTERM\Midterm_GenAI\data\UCF-101\HeadMassage\v_HeadMassage_g06_c07.avi,HeadMassage,6,7,query
C:\VU\4th_Year\Independence Term 1\GenerativeAI\MIDTERM\Midterm_GenAI\data\UCF-101\HeadMassage\v_HeadMassage_g07_c01.avi,HeadMassage,7,1,query
C:\VU\4th_Year\Independence Term 1\GenerativeAI\MIDTERM\Midterm_GenAI\data\UCF-101\HeadMassage\v_HeadMassage_g07_c02.avi,HeadMassage,7,2,query
C:\VU\4th_Year\Independence Term 1\GenerativeAI\MIDTERM\Midterm_GenAI\data\UCF-101\HeadMassage\v_HeadMassage_g07_c03.avi,HeadMassage,7,3,query
C:\VU\4th_Year\Independence Term 1\GenerativeAI\MIDTERM\Midterm_GenAI\data\UCF-101\HeadMassage\v_HeadMassage_g07_c04.avi,HeadMassage,7,4,query
C:\VU\4th_Year\Independence Term 1\GenerativeAI\MIDTERM\Midterm_GenAI\data\UCF-101\HighJump\v_HighJump_g01_c01.avi,HighJump,1,1,gallery
C:\VU\4th_Year\Independence Term 1\GenerativeAI\MIDTERM\Midterm_GenAI\data\UCF-101\HighJump\v_HighJump_g01_c02.avi,HighJump,1,2,gallery
C:\VU\4th_Year\Independence Term 1\GenerativeAI\MIDTERM\Midterm_GenAI\data\UCF-101\HighJump\v_HighJump_g01_c03.avi,HighJump,1,3,gallery
C:\VU\4th_Year\Independence Term 1\GenerativeAI\MIDTERM\Midterm_GenAI\data\UCF-101\HighJump\v_HighJump_g01_c04.avi,HighJump,1,4,gallery
C:\VU\4th_Year\Independence Term 1\GenerativeAI\MIDTERM\Midterm_GenAI\data\UCF-101\HighJump\v_HighJump_g01_c05.avi,HighJump,1,5,gallery
C:\VU\4th_Year\Independence Term 1\GenerativeAI\MIDTERM\Midterm_GenAI\data\UCF-101\HighJump\v_HighJump_g02_c01.avi,HighJump,2,1,query
C:\VU\4th_Year\Independence Term 1\GenerativeAI\MIDTERM\Midterm_GenAI\data\UCF-101\HighJump\v_HighJump_g02_c02.avi,HighJump,2,2,query
C:\VU\4th_Year\Independence Term 1\GenerativeAI\MIDTERM\Midterm_GenAI\data\UCF-101\HighJump\v_HighJump_g02_c03.avi,HighJump,2,3,query
C:\VU\4th_Year\Independence Term 1\GenerativeAI\MIDTERM\Midterm_GenAI\data\UCF-101\HighJump\v_HighJump_g02_c04.avi,HighJump,2,4,query
C:\VU\4th_Year\Independence Term 1\GenerativeAI\MIDTERM\Midterm_GenAI\data\UCF-101\HighJump\v_HighJump_g02_c05.avi,HighJump,2,5,query
C:\VU\4th_Year\Independence Term 1\GenerativeAI\MIDTERM\Midterm_GenAI\data\UCF-101\HighJump\v_HighJump_g02_c06.avi,HighJump,2,6,query
C:\VU\4th_Year\Independence Term 1\GenerativeAI\MIDTERM\Midterm_GenAI\data\UCF-101\HighJump\v_HighJump_g02_c07.avi,HighJump,2,7,query
C:\VU\4th_Year\Independence Term 1\GenerativeAI\MIDTERM\Midterm_GenAI\data\UCF-101\HighJump\v_HighJump_g03_c01.avi,HighJump,3,1,gallery
C:\VU\4th_Year\Independence Term 1\GenerativeAI\MIDTERM\Midterm_GenAI\data\UCF-101\HighJump\v_HighJump_g03_c02.avi,HighJump,3,2,gallery
C:\VU\4th_Year\Independence Term 1\GenerativeAI\MIDTERM\Midterm_GenAI\data\UCF-101\HighJump\v_HighJump_g03_c03.avi,HighJump,3,3,gallery
C:\VU\4th_Year\Independence Term 1\GenerativeAI\MIDTERM\Midterm_GenAI\data\UCF-101\HighJump\v_HighJump_g03_c04.avi,HighJump,3,4,gallery
C:\VU\4th_Year\Independence Term 1\GenerativeAI\MIDTERM\Midterm_GenAI\data\UCF-101\HighJump\v_HighJump_g04_c01.avi,HighJump,4,1,gallery
C:\VU\4th_Year\Independence Term 1\GenerativeAI\MIDTERM\Midterm_GenAI\data\UCF-101\HighJump\v_HighJump_g04_c02.avi,HighJump,4,2,gallery
C:\VU\4th_Year\Independence Term 1\GenerativeAI\MIDTERM\Midterm_GenAI\data\UCF-101\HighJump\v_HighJump_g04_c03.avi,HighJump,4,3,gallery
C:\VU\4th_Year\Independence Term 1\GenerativeAI\MIDTERM\Midterm_GenAI\data\UCF-101\HighJump\v_HighJump_g04_c04.avi,HighJump,4,4,gallery
C:\VU\4th_Year\Independence Term 1\GenerativeAI\MIDTERM\Midterm_GenAI\data\UCF-101\HighJump\v_HighJump_g04_c05.avi,HighJump,4,5,gallery
C:\VU\4th_Year\Independence Term 1\GenerativeAI\MIDTERM\Midterm_GenAI\data\UCF-101\HighJump\v_HighJump_g04_c06.avi,HighJump,4,6,gallery
C:\VU\4th_Year\Independence Term 1\GenerativeAI\MIDTERM\Midterm_GenAI\data\UCF-101\HighJump\v_HighJump_g05_c01.avi,HighJump,5,1,gallery
C:\VU\4th_Year\Independence Term 1\GenerativeAI\MIDTERM\Midterm_GenAI\data\UCF-101\HighJump\v_HighJump_g05_c02.avi,HighJump,5,2,gallery
C:\VU\4th_Year\Independence Term 1\GenerativeAI\MIDTERM\Midterm_GenAI\data\UCF-101\HighJump\v_HighJump_g05_c03.avi,HighJump,5,3,gallery
C:\VU\4th_Year\Independence Term 1\GenerativeAI\MIDTERM\Midterm_GenAI\data\UCF-101\HighJump\v_HighJump_g05_c04.avi,HighJump,5,4,gallery
C:\VU\4th_Year\Independence Term 1\GenerativeAI\MIDTERM\Midterm_GenAI\data\UCF-101\HighJump\v_HighJump_g05_c05.avi,HighJump,5,5,gallery
C:\VU\4th_Year\Independence Term 1\GenerativeAI\MIDTERM\Midterm_GenAI\data\UCF-101\HighJump\v_HighJump_g06_c01.avi,HighJump,6,1,gallery
C:\VU\4th_Year\Independence Term 1\GenerativeAI\MIDTERM\Midterm_GenAI\data\UCF-101\HighJump\v_HighJump_g06_c02.avi,HighJump,6,2,gallery
C:\VU\4th_Year\Independence Term 1\GenerativeAI\MIDTERM\Midterm_GenAI\data\UCF-101\HighJump\v_HighJump_g06_c03.avi,HighJump,6,3,gallery
C:\VU\4th_Year\Independence Term 1\GenerativeAI\MIDTERM\Midterm_GenAI\data\UCF-101\HighJump\v_HighJump_g06_c04.avi,HighJump,6,4,gallery
C:\VU\4th_Year\Independence Term 1\GenerativeAI\MIDTERM\Midterm_GenAI\data\UCF-101\HighJump\v_HighJump_g07_c01.avi,HighJump,7,1,query
C:\VU\4th_Year\Independence Term 1\GenerativeAI\MIDTERM\Midterm_GenAI\data\UCF-101\HighJump\v_HighJump_g07_c02.avi,HighJump,7,2,query
C:\VU\4th_Year\Independence Term 1\GenerativeAI\MIDTERM\Midterm_GenAI\data\UCF-101\HighJump\v_HighJump_g07_c03.avi,HighJump,7,3,query
C:\VU\4th_Year\Independence Term 1\GenerativeAI\MIDTERM\Midterm_GenAI\data\UCF-101\HighJump\v_HighJump_g07_c04.avi,HighJump,7,4,query
C:\VU\4th_Year\Independence Term 1\GenerativeAI\MIDTERM\Midterm_GenAI\data\UCF-101\HighJump\v_HighJump_g07_c05.avi,HighJump,7,5,query
C:\VU\4th_Year\Independence Term 1\GenerativeAI\MIDTERM\Midterm_GenAI\data\UCF-101\HighJump\v_HighJump_g07_c06.avi,HighJump,7,6,query
C:\VU\4th_Year\Independence Term 1\GenerativeAI\MIDTERM\Midterm_GenAI\data\UCF-101\HighJump\v_HighJump_g08_c01.avi,HighJump,8,1,gallery
C:\VU\4th_Year\Independence Term 1\GenerativeAI\MIDTERM\Midterm_GenAI\data\UCF-101\HighJump\v_HighJump_g08_c02.avi,HighJump,8,2,gallery
C:\VU\4th_Year\Independence Term 1\GenerativeAI\MIDTERM\Midterm_GenAI\data\UCF-101\HighJump\v_HighJump_g08_c03.avi,HighJump,8,3,gallery
